run_at,group,key,name,value,prev,unit,data_as_of,status,source,api_url,view_url,note
2026-09-23 09:48 KST,A.매크로,nasdaq,나스닥 종합지수,27244.277,27122.09,pt,2026-09-22,ok,Yahoo Finance,yfinance:^IXIC,https://finance.yahoo.com/quote/%5EIXIC,
2026-09-23 09:48 KST,A.매크로,nasdaq_5d_pct,나스닥 5거래일 변화율,4.86,,%,2026-09-22,ok,Yahoo Finance,yfinance:^IXIC,https://finance.yahoo.com/quote/%5EIXIC,
2026-09-23 09:48 KST,A.매크로,nasdaq_ma50,나스닥 50일 이평,26115.81,,pt,2026-09-22,ok,Yahoo Finance,yfinance:^IXIC,https://finance.yahoo.com/quote/%5EIXIC,종가가 이평 위면 추세 양호
2026-09-23 09:48 KST,A.매크로,dxy,달러인덱스(DXY),100.574,100.43,pt,2026-09-22,ok,Yahoo Finance,yfinance:DX-Y.NYB,https://finance.yahoo.com/quote/DX-Y.NYB,
2026-09-23 09:48 KST,A.매크로,dxy_20d_pct,DXY 20거래일 변화율,1.59,,%,2026-09-22,ok,Yahoo Finance,yfinance:DX-Y.NYB,https://finance.yahoo.com/quote/DX-Y.NYB,
2026-09-23 09:48 KST,A.매크로,usdjpy,USD/JPY,157.5,157.369,엔,2026-09-23,ok,Yahoo Finance,yfinance:JPY=X,https://finance.yahoo.com/quote/JPY%3DX,
2026-09-23 09:48 KST,A.매크로,usdjpy_5d_pct,USD/JPY 5거래일 변화율,1.44,,%,2026-09-23,ok,Yahoo Finance,yfinance:JPY=X,https://finance.yahoo.com/quote/JPY%3DX,
2026-09-23 09:48 KST,A.매크로,cpi_yoy,CPI 전년비,,,,,fail,FRED,,https://fred.stlouisfed.org/series/CPIAUCSL,list index out of range
2026-09-23 09:48 KST,A.매크로,core_cpi_yoy,근원 CPI 전년비,,,,,fail,FRED,,https://fred.stlouisfed.org/series/CPILFESL,list index out of range
2026-09-23 09:48 KST,A.매크로,pce_yoy,PCE 전년비,3.7,3.72,%,2026-07-01,ok,FRED,https://api.stlouisfed.org/fred/series/observations?series_id=PCEPI&api_key=***&file_type=json&sort_order=desc&limit=14,https://fred.stlouisfed.org/series/PCEPI,FRED 갱신일 2026-08-26 (발표 후 30일 이내)
2026-09-23 09:48 KST,A.매크로,core_pce_yoy,근원 PCE 전년비,3.34,3.34,%,2026-07-01,ok,FRED,https://api.stlouisfed.org/fred/series/observations?series_id=PCEPILFE&api_key=***&file_type=json&sort_order=desc&limit=14,https://fred.stlouisfed.org/series/PCEPILFE,FRED 갱신일 2026-08-26 (발표 후 30일 이내)
2026-09-23 09:48 KST,A.매크로,infl_signal,인플레이션 방향 합계,0,,,2026-09-23,ok,FRED,,https://fred.stlouisfed.org/,최근 발표 지표 중 전년비 둔화 +1 / 재가속 −1의 합
2026-09-23 09:48 KST,C.파생·가격,btc_close,BTC 일봉 종가,86198.05,86594.94,USD,2026-09-22,ok,Coinbase 현물,https://api.exchange.coinbase.com/products/BTC-USD/candles?granularity=86400,https://www.coinbase.com/price/bitcoin,
2026-09-23 09:48 KST,C.파생·가격,rsi14,"RSI(14, 일봉)",72.2,73.74,,2026-09-22,ok,Coinbase 현물,https://api.exchange.coinbase.com/products/BTC-USD/candles?granularity=86400,https://www.coinbase.com/price/bitcoin,70↑ 과매수 / 30↓ 과매도
2026-09-23 09:48 KST,C.파생·가격,price_7d_pct,BTC 7일 가격 변화율,14.04,,%,2026-09-22,ok,Coinbase 현물,https://api.exchange.coinbase.com/products/BTC-USD/candles?granularity=86400,https://www.coinbase.com/price/bitcoin,
2026-09-23 09:48 KST,C.파생·가격,oi,선물 미결제약정(OI),3.4,3.39,십억$,2026-09-22,ok,OKX 선물,https://www.okx.com/api/v5/rubik/stat/contracts/open-interest-volume?ccy=BTC&period=1D,https://www.okx.com/trade-swap/btc-usdt-swap,
2026-09-23 09:48 KST,C.파생·가격,oi_7d_pct,OI 7일 변화율,16.92,,%,2026-09-22,ok,OKX 선물,https://www.okx.com/api/v5/rubik/stat/contracts/open-interest-volume?ccy=BTC&period=1D,https://www.okx.com/trade-swap/btc-usdt-swap,달러 기준 OI라 가격 변동이 섞여 있음
2026-09-23 09:48 KST,C.파생·가격,ls_account,롱/숏 계정비율,0.94,0.96,배,2026-09-22,ok,OKX 선물,https://www.okx.com/api/v5/rubik/stat/contracts/long-short-account-ratio?ccy=BTC&period=1D,https://www.okx.com/trade-swap/btc-usdt-swap,1 초과면 롱 우위
2026-09-23 09:48 KST,C.파생·가격,ls_account_pct,롱/숏 계정비율 분포 위치,6.7,,백분위,2026-09-22,ok,OKX 선물,https://www.okx.com/api/v5/rubik/stat/contracts/long-short-account-ratio?ccy=BTC&period=1D,https://www.okx.com/trade-swap/btc-usdt-swap,OKX 선물 최근 30일 분포 기준. 높을수록 롱 쏠림
2026-09-23 09:48 KST,C.파생·가격,funding,펀딩비(최근 1회),0.0021,0.0054,%,2026-09-23 00:00 UTC,ok,OKX 선물,https://www.okx.com/api/v5/public/funding-rate-history?instId=BTC-USDT-SWAP&limit=6,https://www.okx.com/trade-swap/btc-usdt-swap,0.05%↑ 과열
2026-09-23 09:48 KST,C.파생·가격,funding_avg3,펀딩비 최근 3회 평균,0.0059,,%,2026-09-23 00:00 UTC,ok,OKX 선물,https://www.okx.com/api/v5/public/funding-rate-history?instId=BTC-USDT-SWAP&limit=6,https://www.okx.com/trade-swap/btc-usdt-swap,
2026-09-23 09:48 KST,C.파생·가격,dvol,DVOL(BTC 내재변동성),37.31,38.02,,2026-09-23 00:00 UTC,ok,Deribit,https://www.deribit.com/api/v2/public/get_volatility_index_data?currency=BTC&start_timestamp=1789865337312&end_timestamp=1790124537312&resolution=3600,https://www.deribit.com/statistics/BTC/volatility-index,
2026-09-23 09:48 KST,C.파생·가격,skew25,옵션 25델타 스큐(풋IV−콜IV),1.0,,vol pt,2026-09-23 00:49 UTC,ok,Deribit,https://www.deribit.com/api/v2/public/get_instruments?currency=BTC&kind=option&expired=false,https://www.deribit.com/options/BTC,"만기 2026-10-30, 콜 BTC-30OCT26-95000-C / 풋 BTC-30OCT26-81000-P. 양수면 하방 헤지 수요 우위"
2026-09-23 09:48 KST,B.자금흐름,usdt_d,테더 도미넌스,6.199,,%,2026-09-23 00:41 UTC,ok,CoinGecko,https://api.coingecko.com/api/v3/global,https://www.coingecko.com/en/global-charts,상승=위험회피 / TradingView USDT.D와 계산 방식 다름
2026-09-23 09:48 KST,B.자금흐름,total_mcap,전체 시가총액(TOTAL),2.9468,,조$,2026-09-23 00:41 UTC,ok,CoinGecko,https://api.coingecko.com/api/v3/global,https://www.coingecko.com/en/global-charts,
2026-09-23 09:48 KST,B.자금흐름,etf_total,BTC 현물 ETF 순유입,,,,,fail,Farside Investors,,https://farside.co.uk/btc/,403 Client Error: Forbidden for url: https://farside.co.uk/btc/
2026-09-23 09:48 KST,D.온체인,mvrv_z,MVRV Z-Score,0.7545,,,2026-09-16,ok,BGeometrics,https://bitcoin-data.com/v1/mvrv-zscore/last,https://charts.bgeometrics.com/,0 이하 역사적 매수구간 / 7 이상 과열
2026-09-23 09:48 KST,D.온체인,sth_mvrv,단기보유자 MVRV,1.07,,,2026-09-16,ok,BGeometrics,https://bitcoin-data.com/v1/sth-mvrv/last,https://charts.bgeometrics.com/,
2026-09-23 09:48 KST,D.온체인,sth_rp,단기보유자 실현가(STH-RP),80764.0,,$,2026-09-16,ok,BGeometrics,https://bitcoin-data.com/v1/sth-mvrv/last,https://charts.bgeometrics.com/,가격 ÷ STH-MVRV로 계산 (가격 86418.0$). 가격이 위면 강세 유지
2026-09-23 09:48 KST,D.온체인,ex_in_btc,거래소 BTC 유입,39392.9,12118.4,BTC,2026-09-21,ok,Coin Metrics 커뮤니티,https://community-api.coinmetrics.io/v4/timeseries/asset-metrics?assets=btc&metrics=FlowInExNtv&frequency=1d&page_size=130&paging_from=end,https://charts.coinmetrics.io/crypto-data/,
2026-09-23 09:48 KST,D.온체인,ex_out_btc,거래소 BTC 유출,43259.9,12143.1,BTC,2026-09-21,ok,Coin Metrics 커뮤니티,https://community-api.coinmetrics.io/v4/timeseries/asset-metrics?assets=btc&metrics=FlowOutExNtv&frequency=1d&page_size=130&paging_from=end,https://charts.coinmetrics.io/crypto-data/,
2026-09-23 09:48 KST,D.온체인,ex_net_7d,거래소 순유입 7일 합,-4005.4,,BTC,2026-09-21,ok,Coin Metrics 커뮤니티,https://community-api.coinmetrics.io/v4/timeseries/asset-metrics?assets=btc&metrics=FlowInExUSD&frequency=1d&page_size=130&paging_from=end,https://charts.coinmetrics.io/crypto-data/,
2026-09-23 09:48 KST,D.온체인,ex_net_7d_pct,거래소 순유입 7일 합 분포 위치,72.2,,백분위,2026-09-21,ok,Coin Metrics 커뮤니티,https://community-api.coinmetrics.io/v4/timeseries/asset-metrics?assets=btc&metrics=FlowInExUSD&frequency=1d&page_size=130&paging_from=end,https://charts.coinmetrics.io/crypto-data/,최근 90일 분포 기준. 높을수록 매도 압력
2026-09-23 09:48 KST,D.온체인,ex_net_btc,거래소 BTC 순유입,-3867.0,,BTC,2026-09-21,ok,Coin Metrics 커뮤니티,https://community-api.coinmetrics.io/v4/timeseries/asset-metrics?assets=btc&metrics=FlowInExNtv&frequency=1d&page_size=130&paging_from=end,https://charts.coinmetrics.io/crypto-data/,양수=매도 압력 / 음수=축적
2026-09-23 09:48 KST,D.온체인,ex_supply_30d_pct,거래소 보유량 30일 변화율,0.2,,%,2026-09-21,ok,Coin Metrics 커뮤니티,https://community-api.coinmetrics.io/v4/timeseries/asset-metrics?assets=btc&metrics=SplyExNtv&frequency=1d&page_size=130&paging_from=end,https://charts.coinmetrics.io/crypto-data/,
2026-09-23 09:48 KST,D.온체인,ex_supply,거래소 BTC 보유량,2719494.0,2721136.0,BTC,2026-09-21,ok,Coin Metrics 커뮤니티,https://community-api.coinmetrics.io/v4/timeseries/asset-metrics?assets=btc&metrics=SplyExNtv&frequency=1d&page_size=130&paging_from=end,https://charts.coinmetrics.io/crypto-data/,
2026-09-23 09:48 KST,D.온체인,miner_to_ex,채굴자→거래소 유입,,,,,manual,수동 확인,,https://cryptoquant.com/asset/btc/chart/miner-flows,무료 소스 없음 → 수동 확인 목록 참고
2026-09-23 09:48 KST,D.온체인,whale_ratio_proxy,고래비율(근사),,,,,fail,Arkham + Coin Metrics,,https://intel.arkm.com/,Arkham 키 없음
2026-09-23 09:48 KST,Z.점수,score_ind_mvrv_z,점수: MVRV Z,1,,,2026-09-23,ok,점수 계산(coin_daily),,,MVRV Z 0.75
2026-09-23 09:48 KST,Z.점수,score_ind_sth,점수: 가격÷STH-RP,0,,,2026-09-23,ok,점수 계산(coin_daily),,,가격÷STH-RP 1.070
2026-09-23 09:48 KST,Z.점수,score_ind_etf,점수: 현물 ETF 순유입,,,,2026-09-23,fail,점수 계산(coin_daily),,,값 없음
2026-09-23 09:48 KST,Z.점수,score_ind_ex_net,점수: 거래소 순유입(7일),-1,,,2026-09-23,ok,점수 계산(coin_daily),,,7일 순유입 분포 72백분위
2026-09-23 09:48 KST,Z.점수,score_ind_ex_supply,점수: 거래소 보유량(30일),0,,,2026-09-23,ok,점수 계산(coin_daily),,,30일 +0.20% (±0.5% 미만은 0점)
2026-09-23 09:48 KST,Z.점수,score_ind_whale,점수: 고래비율(근사),,,,2026-09-23,fail,점수 계산(coin_daily),,,값 없음
2026-09-23 09:48 KST,Z.점수,score_ind_usdt_d,점수: 테더 도미넌스(7일),,,,2026-09-23,fail,점수 계산(coin_daily),,,7일 전 값 없음
2026-09-23 09:48 KST,Z.점수,score_ind_funding,점수: 펀딩비,1,,,2026-09-23,ok,점수 계산(coin_daily),,,3회 평균 0.0059%
2026-09-23 09:48 KST,Z.점수,score_ind_rsi,점수: RSI(14),-2,,,2026-09-23,ok,점수 계산(coin_daily),,,RSI 72.2
2026-09-23 09:48 KST,Z.점수,score_ind_ls,점수: 롱/숏 비율,2,,,2026-09-23,ok,점수 계산(coin_daily),,,롱/숏 분포 7백분위
2026-09-23 09:48 KST,Z.점수,score_ind_oi,점수: 미결제약정(OI),0,,,2026-09-23,ok,점수 계산(coin_daily),,,"OI 7일 +16.9%, 가격 +14.0%"
2026-09-23 09:48 KST,Z.점수,score_ind_skew,점수: 옵션 스큐,0,,,2026-09-23,ok,점수 계산(coin_daily),,,+1.00
2026-09-23 09:48 KST,Z.점수,score_ind_nasdaq,점수: 나스닥,1,,,2026-09-23,ok,점수 계산(coin_daily),,,50일선 위
2026-09-23 09:48 KST,Z.점수,score_ind_dxy,점수: DXY,-1,,,2026-09-23,ok,점수 계산(coin_daily),,,"100.57, 20일 +1.6% (상승)"
2026-09-23 09:48 KST,Z.점수,score_ind_usdjpy,점수: USD/JPY,0,,,2026-09-23,ok,점수 계산(coin_daily),,,157.50
2026-09-23 09:48 KST,Z.점수,score_ind_infl,점수: CPI·PCE,0,,,2026-09-23,ok,점수 계산(coin_daily),,,둔화−재가속 합계 +0
2026-09-23 09:48 KST,Z.점수,score_ind_fomc,점수: 폴리마켓 금리인하,,,,2026-09-23,fail,점수 계산(coin_daily),,,FOMC 마켓 미설정 또는 값 없음
2026-09-23 09:48 KST,Z.점수,score_group_밸류에이션,그룹 점수: 밸류에이션,25.0,,,2026-09-23,ok,점수 계산(coin_daily),,,
2026-09-23 09:48 KST,Z.점수,score_group_수급,그룹 점수: 수급,-25.0,,,2026-09-23,ok,점수 계산(coin_daily),,,
2026-09-23 09:48 KST,Z.점수,score_group_파생·심리,그룹 점수: 파생·심리,10.0,,,2026-09-23,ok,점수 계산(coin_daily),,,
2026-09-23 09:48 KST,Z.점수,score_group_매크로,그룹 점수: 매크로,0.0,,,2026-09-23,ok,점수 계산(coin_daily),,,
2026-09-23 09:48 KST,Z.점수,score_total,총점,1.8,,,2026-09-23,ok,점수 계산(coin_daily),,,
2026-09-23 09:48 KST,Z.점수,score_avg3,3일 평균 총점,1.8,,,2026-09-23,ok,점수 계산(coin_daily),,,
2026-09-23 09:48 KST,Z.점수,score_coverage,판정 가능 비율,76.5,,,2026-09-23,ok,점수 계산(coin_daily),,,
2026-09-23 09:48 KST,Z.점수,judgment_raw,오늘 구간,중립,,,2026-09-23,ok,점수 계산(coin_daily),,,
2026-09-23 09:48 KST,Z.점수,judgment,판정,중립,,,2026-09-23,ok,점수 계산(coin_daily),,,
2026-09-23 09:48 KST,Z.점수,target,BTC 목표 비중(%),60,,,2026-09-23,ok,점수 계산(coin_daily),,,
2026-09-23 09:50 KST,A.매크로,nasdaq,나스닥 종합지수,27244.277,27122.09,pt,2026-09-22,ok,Yahoo Finance,yfinance:^IXIC,https://finance.yahoo.com/quote/%5EIXIC,
2026-09-23 09:50 KST,A.매크로,nasdaq_5d_pct,나스닥 5거래일 변화율,4.86,4.86,%,2026-09-22,ok,Yahoo Finance,yfinance:^IXIC,https://finance.yahoo.com/quote/%5EIXIC,
2026-09-23 09:50 KST,A.매크로,nasdaq_ma50,나스닥 50일 이평,26115.81,26115.81,pt,2026-09-22,ok,Yahoo Finance,yfinance:^IXIC,https://finance.yahoo.com/quote/%5EIXIC,종가가 이평 위면 추세 양호
2026-09-23 09:50 KST,A.매크로,dxy,달러인덱스(DXY),100.557,100.43,pt,2026-09-22,ok,Yahoo Finance,yfinance:DX-Y.NYB,https://finance.yahoo.com/quote/DX-Y.NYB,
2026-09-23 09:50 KST,A.매크로,dxy_20d_pct,DXY 20거래일 변화율,1.57,1.59,%,2026-09-22,ok,Yahoo Finance,yfinance:DX-Y.NYB,https://finance.yahoo.com/quote/DX-Y.NYB,
2026-09-23 09:50 KST,A.매크로,usdjpy,USD/JPY,157.509,157.369,엔,2026-09-23,ok,Yahoo Finance,yfinance:JPY=X,https://finance.yahoo.com/quote/JPY%3DX,
2026-09-23 09:50 KST,A.매크로,usdjpy_5d_pct,USD/JPY 5거래일 변화율,1.44,1.44,%,2026-09-23,ok,Yahoo Finance,yfinance:JPY=X,https://finance.yahoo.com/quote/JPY%3DX,
2026-09-23 09:50 KST,A.매크로,cpi_yoy,CPI 전년비,,,,,fail,FRED,,https://fred.stlouisfed.org/series/CPIAUCSL,list index out of range
2026-09-23 09:50 KST,A.매크로,core_cpi_yoy,근원 CPI 전년비,,,,,fail,FRED,,https://fred.stlouisfed.org/series/CPILFESL,list index out of range
2026-09-23 09:50 KST,A.매크로,pce_yoy,PCE 전년비,3.7,3.72,%,2026-07-01,ok,FRED,https://api.stlouisfed.org/fred/series/observations?series_id=PCEPI&api_key=***&file_type=json&sort_order=desc&limit=14,https://fred.stlouisfed.org/series/PCEPI,FRED 갱신일 2026-08-26 (발표 후 30일 이내)
2026-09-23 09:50 KST,A.매크로,core_pce_yoy,근원 PCE 전년비,3.34,3.34,%,2026-07-01,ok,FRED,https://api.stlouisfed.org/fred/series/observations?series_id=PCEPILFE&api_key=***&file_type=json&sort_order=desc&limit=14,https://fred.stlouisfed.org/series/PCEPILFE,FRED 갱신일 2026-08-26 (발표 후 30일 이내)
2026-09-23 09:50 KST,A.매크로,infl_signal,인플레이션 방향 합계,0,0,,2026-09-23,ok,FRED,,https://fred.stlouisfed.org/,최근 발표 지표 중 전년비 둔화 +1 / 재가속 −1의 합
2026-09-23 09:50 KST,C.파생·가격,btc_close,BTC 일봉 종가,86198.05,86594.94,USD,2026-09-22,ok,Coinbase 현물,https://api.exchange.coinbase.com/products/BTC-USD/candles?granularity=86400,https://www.coinbase.com/price/bitcoin,
2026-09-23 09:50 KST,C.파생·가격,rsi14,"RSI(14, 일봉)",72.2,73.74,,2026-09-22,ok,Coinbase 현물,https://api.exchange.coinbase.com/products/BTC-USD/candles?granularity=86400,https://www.coinbase.com/price/bitcoin,70↑ 과매수 / 30↓ 과매도
2026-09-23 09:50 KST,C.파생·가격,price_7d_pct,BTC 7일 가격 변화율,14.04,14.04,%,2026-09-22,ok,Coinbase 현물,https://api.exchange.coinbase.com/products/BTC-USD/candles?granularity=86400,https://www.coinbase.com/price/bitcoin,
2026-09-23 09:50 KST,C.파생·가격,oi,선물 미결제약정(OI),3.4,3.39,십억$,2026-09-22,ok,OKX 선물,https://www.okx.com/api/v5/rubik/stat/contracts/open-interest-volume?ccy=BTC&period=1D,https://www.okx.com/trade-swap/btc-usdt-swap,
2026-09-23 09:50 KST,C.파생·가격,oi_7d_pct,OI 7일 변화율,16.92,16.92,%,2026-09-22,ok,OKX 선물,https://www.okx.com/api/v5/rubik/stat/contracts/open-interest-volume?ccy=BTC&period=1D,https://www.okx.com/trade-swap/btc-usdt-swap,달러 기준 OI라 가격 변동이 섞여 있음
2026-09-23 09:50 KST,C.파생·가격,ls_account,롱/숏 계정비율,0.94,0.96,배,2026-09-22,ok,OKX 선물,https://www.okx.com/api/v5/rubik/stat/contracts/long-short-account-ratio?ccy=BTC&period=1D,https://www.okx.com/trade-swap/btc-usdt-swap,1 초과면 롱 우위
2026-09-23 09:50 KST,C.파생·가격,ls_account_pct,롱/숏 계정비율 분포 위치,6.7,6.7,백분위,2026-09-22,ok,OKX 선물,https://www.okx.com/api/v5/rubik/stat/contracts/long-short-account-ratio?ccy=BTC&period=1D,https://www.okx.com/trade-swap/btc-usdt-swap,OKX 선물 최근 30일 분포 기준. 높을수록 롱 쏠림
2026-09-23 09:50 KST,C.파생·가격,funding,펀딩비(최근 1회),0.0021,0.0054,%,2026-09-23 00:00 UTC,ok,OKX 선물,https://www.okx.com/api/v5/public/funding-rate-history?instId=BTC-USDT-SWAP&limit=6,https://www.okx.com/trade-swap/btc-usdt-swap,0.05%↑ 과열
2026-09-23 09:50 KST,C.파생·가격,funding_avg3,펀딩비 최근 3회 평균,0.0059,0.0059,%,2026-09-23 00:00 UTC,ok,OKX 선물,https://www.okx.com/api/v5/public/funding-rate-history?instId=BTC-USDT-SWAP&limit=6,https://www.okx.com/trade-swap/btc-usdt-swap,
2026-09-23 09:50 KST,C.파생·가격,dvol,DVOL(BTC 내재변동성),37.31,38.02,,2026-09-23 00:00 UTC,ok,Deribit,https://www.deribit.com/api/v2/public/get_volatility_index_data?currency=BTC&start_timestamp=1789865414134&end_timestamp=1790124614134&resolution=3600,https://www.deribit.com/statistics/BTC/volatility-index,
2026-09-23 09:50 KST,C.파생·가격,skew25,옵션 25델타 스큐(풋IV−콜IV),1.0,1.0,vol pt,2026-09-23 00:50 UTC,ok,Deribit,https://www.deribit.com/api/v2/public/get_instruments?currency=BTC&kind=option&expired=false,https://www.deribit.com/options/BTC,"만기 2026-10-30, 콜 BTC-30OCT26-95000-C / 풋 BTC-30OCT26-81000-P. 양수면 하방 헤지 수요 우위"
2026-09-23 09:50 KST,B.자금흐름,usdt_d,테더 도미넌스,6.199,6.199,%,2026-09-23 00:41 UTC,ok,CoinGecko,https://api.coingecko.com/api/v3/global,https://www.coingecko.com/en/global-charts,상승=위험회피 / TradingView USDT.D와 계산 방식 다름
2026-09-23 09:50 KST,B.자금흐름,total_mcap,전체 시가총액(TOTAL),2.9468,2.9468,조$,2026-09-23 00:41 UTC,ok,CoinGecko,https://api.coingecko.com/api/v3/global,https://www.coingecko.com/en/global-charts,
2026-09-23 09:50 KST,B.자금흐름,etf_total,BTC 현물 ETF 순유입,,,,,fail,Farside Investors,,https://farside.co.uk/btc/,403 Client Error: Forbidden for url: https://farside.co.uk/btc/
2026-09-23 09:50 KST,D.온체인,mvrv_z,MVRV Z-Score,0.7545,0.7545,,2026-09-16,ok,BGeometrics,https://bitcoin-data.com/v1/mvrv-zscore/last,https://charts.bgeometrics.com/,0 이하 역사적 매수구간 / 7 이상 과열
2026-09-23 09:50 KST,D.온체인,sth_mvrv,단기보유자 MVRV,1.07,1.07,,2026-09-16,ok,BGeometrics,https://bitcoin-data.com/v1/sth-mvrv/last,https://charts.bgeometrics.com/,
2026-09-23 09:50 KST,D.온체인,sth_rp,단기보유자 실현가(STH-RP),80764.0,80764.0,$,2026-09-16,ok,BGeometrics,https://bitcoin-data.com/v1/sth-mvrv/last,https://charts.bgeometrics.com/,가격 ÷ STH-MVRV로 계산 (가격 86418.0$). 가격이 위면 강세 유지
2026-09-23 09:50 KST,D.온체인,ex_in_btc,거래소 BTC 유입,39392.9,12118.4,BTC,2026-09-21,ok,Coin Metrics 커뮤니티,https://community-api.coinmetrics.io/v4/timeseries/asset-metrics?assets=btc&metrics=FlowInExNtv&frequency=1d&page_size=130&paging_from=end,https://charts.coinmetrics.io/crypto-data/,
2026-09-23 09:50 KST,D.온체인,ex_out_btc,거래소 BTC 유출,43259.9,12143.1,BTC,2026-09-21,ok,Coin Metrics 커뮤니티,https://community-api.coinmetrics.io/v4/timeseries/asset-metrics?assets=btc&metrics=FlowOutExNtv&frequency=1d&page_size=130&paging_from=end,https://charts.coinmetrics.io/crypto-data/,
2026-09-23 09:50 KST,D.온체인,ex_net_7d,거래소 순유입 7일 합,-4005.4,-4005.4,BTC,2026-09-21,ok,Coin Metrics 커뮤니티,https://community-api.coinmetrics.io/v4/timeseries/asset-metrics?assets=btc&metrics=FlowInExUSD&frequency=1d&page_size=130&paging_from=end,https://charts.coinmetrics.io/crypto-data/,
2026-09-23 09:50 KST,D.온체인,ex_net_7d_pct,거래소 순유입 7일 합 분포 위치,72.2,72.2,백분위,2026-09-21,ok,Coin Metrics 커뮤니티,https://community-api.coinmetrics.io/v4/timeseries/asset-metrics?assets=btc&metrics=FlowInExUSD&frequency=1d&page_size=130&paging_from=end,https://charts.coinmetrics.io/crypto-data/,최근 90일 분포 기준. 높을수록 매도 압력
2026-09-23 09:50 KST,D.온체인,ex_net_btc,거래소 BTC 순유입,-3867.0,-3867.0,BTC,2026-09-21,ok,Coin Metrics 커뮤니티,https://community-api.coinmetrics.io/v4/timeseries/asset-metrics?assets=btc&metrics=FlowInExNtv&frequency=1d&page_size=130&paging_from=end,https://charts.coinmetrics.io/crypto-data/,양수=매도 압력 / 음수=축적
2026-09-23 09:50 KST,D.온체인,ex_supply_30d_pct,거래소 보유량 30일 변화율,0.2,0.2,%,2026-09-21,ok,Coin Metrics 커뮤니티,https://community-api.coinmetrics.io/v4/timeseries/asset-metrics?assets=btc&metrics=SplyExNtv&frequency=1d&page_size=130&paging_from=end,https://charts.coinmetrics.io/crypto-data/,
2026-09-23 09:50 KST,D.온체인,ex_supply,거래소 BTC 보유량,2719494.0,2721136.0,BTC,2026-09-21,ok,Coin Metrics 커뮤니티,https://community-api.coinmetrics.io/v4/timeseries/asset-metrics?assets=btc&metrics=SplyExNtv&frequency=1d&page_size=130&paging_from=end,https://charts.coinmetrics.io/crypto-data/,
2026-09-23 09:50 KST,D.온체인,miner_to_ex,채굴자→거래소 유입,,,,,manual,수동 확인,,https://cryptoquant.com/asset/btc/chart/miner-flows,무료 소스 없음 → 수동 확인 목록 참고
2026-09-23 09:50 KST,D.온체인,whale_ratio_proxy,고래비율(근사),,,,,fail,Arkham + Coin Metrics,,https://intel.arkm.com/,Arkham 키 없음
2026-09-23 09:50 KST,Z.점수,score_ind_mvrv_z,점수: MVRV Z,1,,,2026-09-23,ok,점수 계산(coin_daily),,,MVRV Z 0.75
2026-09-23 09:50 KST,Z.점수,score_ind_sth,점수: 가격÷STH-RP,0,,,2026-09-23,ok,점수 계산(coin_daily),,,가격÷STH-RP 1.070
2026-09-23 09:50 KST,Z.점수,score_ind_etf,점수: 현물 ETF 순유입,,,,2026-09-23,fail,점수 계산(coin_daily),,,값 없음
2026-09-23 09:50 KST,Z.점수,score_ind_ex_net,점수: 거래소 순유입(7일),-1,,,2026-09-23,ok,점수 계산(coin_daily),,,7일 순유입 분포 72백분위
2026-09-23 09:50 KST,Z.점수,score_ind_ex_supply,점수: 거래소 보유량(30일),0,,,2026-09-23,ok,점수 계산(coin_daily),,,30일 +0.20% (±0.5% 미만은 0점)
2026-09-23 09:50 KST,Z.점수,score_ind_whale,점수: 고래비율(근사),,,,2026-09-23,fail,점수 계산(coin_daily),,,값 없음
2026-09-23 09:50 KST,Z.점수,score_ind_usdt_d,점수: 테더 도미넌스(7일),,,,2026-09-23,fail,점수 계산(coin_daily),,,7일 전 값 없음
2026-09-23 09:50 KST,Z.점수,score_ind_funding,점수: 펀딩비,1,,,2026-09-23,ok,점수 계산(coin_daily),,,3회 평균 0.0059%
2026-09-23 09:50 KST,Z.점수,score_ind_rsi,점수: RSI(14),-2,,,2026-09-23,ok,점수 계산(coin_daily),,,RSI 72.2
2026-09-23 09:50 KST,Z.점수,score_ind_ls,점수: 롱/숏 비율,2,,,2026-09-23,ok,점수 계산(coin_daily),,,롱/숏 분포 7백분위
2026-09-23 09:50 KST,Z.점수,score_ind_oi,점수: 미결제약정(OI),0,,,2026-09-23,ok,점수 계산(coin_daily),,,"OI 7일 +16.9%, 가격 +14.0%"
2026-09-23 09:50 KST,Z.점수,score_ind_skew,점수: 옵션 스큐,0,,,2026-09-23,ok,점수 계산(coin_daily),,,+1.00
2026-09-23 09:50 KST,Z.점수,score_ind_nasdaq,점수: 나스닥,1,,,2026-09-23,ok,점수 계산(coin_daily),,,50일선 위
2026-09-23 09:50 KST,Z.점수,score_ind_dxy,점수: DXY,-1,,,2026-09-23,ok,점수 계산(coin_daily),,,"100.56, 20일 +1.6% (상승)"
2026-09-23 09:50 KST,Z.점수,score_ind_usdjpy,점수: USD/JPY,0,,,2026-09-23,ok,점수 계산(coin_daily),,,157.51
2026-09-23 09:50 KST,Z.점수,score_ind_infl,점수: CPI·PCE,0,,,2026-09-23,ok,점수 계산(coin_daily),,,둔화−재가속 합계 +0
2026-09-23 09:50 KST,Z.점수,score_ind_fomc,점수: 폴리마켓 금리인하,,,,2026-09-23,fail,점수 계산(coin_daily),,,FOMC 마켓 미설정 또는 값 없음
2026-09-23 09:50 KST,Z.점수,score_group_밸류에이션,그룹 점수: 밸류에이션,25.0,,,2026-09-23,ok,점수 계산(coin_daily),,,
2026-09-23 09:50 KST,Z.점수,score_group_수급,그룹 점수: 수급,-25.0,,,2026-09-23,ok,점수 계산(coin_daily),,,
2026-09-23 09:50 KST,Z.점수,score_group_파생·심리,그룹 점수: 파생·심리,10.0,,,2026-09-23,ok,점수 계산(coin_daily),,,
2026-09-23 09:50 KST,Z.점수,score_group_매크로,그룹 점수: 매크로,0.0,,,2026-09-23,ok,점수 계산(coin_daily),,,
2026-09-23 09:50 KST,Z.점수,score_total,총점,1.8,,,2026-09-23,ok,점수 계산(coin_daily),,,
2026-09-23 09:50 KST,Z.점수,score_avg3,3일 평균 총점,1.8,,,2026-09-23,ok,점수 계산(coin_daily),,,
2026-09-23 09:50 KST,Z.점수,score_coverage,판정 가능 비율,76.5,,,2026-09-23,ok,점수 계산(coin_daily),,,
2026-09-23 09:50 KST,Z.점수,judgment_raw,오늘 구간,중립,,,2026-09-23,ok,점수 계산(coin_daily),,,
2026-09-23 09:50 KST,Z.점수,judgment,판정,중립,,,2026-09-23,ok,점수 계산(coin_daily),,,
2026-09-23 09:50 KST,Z.점수,target,BTC 목표 비중(%),60,,,2026-09-23,ok,점수 계산(coin_daily),,,
2026-09-23 10:01 KST,A.매크로,nasdaq,나스닥 종합지수,27244.277,27122.09,pt,2026-09-22,ok,Yahoo Finance,yfinance:^IXIC,https://finance.yahoo.com/quote/%5EIXIC,
2026-09-23 10:01 KST,A.매크로,nasdaq_5d_pct,나스닥 5거래일 변화율,4.86,4.86,%,2026-09-22,ok,Yahoo Finance,yfinance:^IXIC,https://finance.yahoo.com/quote/%5EIXIC,
2026-09-23 10:01 KST,A.매크로,nasdaq_ma50,나스닥 50일 이평,26115.81,26115.81,pt,2026-09-22,ok,Yahoo Finance,yfinance:^IXIC,https://finance.yahoo.com/quote/%5EIXIC,종가가 이평 위면 추세 양호
2026-09-23 10:01 KST,A.매크로,dxy,달러인덱스(DXY),100.551,100.43,pt,2026-09-22,ok,Yahoo Finance,yfinance:DX-Y.NYB,https://finance.yahoo.com/quote/DX-Y.NYB,
2026-09-23 10:01 KST,A.매크로,dxy_20d_pct,DXY 20거래일 변화율,1.57,1.57,%,2026-09-22,ok,Yahoo Finance,yfinance:DX-Y.NYB,https://finance.yahoo.com/quote/DX-Y.NYB,
2026-09-23 10:01 KST,A.매크로,usdjpy,USD/JPY,157.588,157.369,엔,2026-09-23,ok,Yahoo Finance,yfinance:JPY=X,https://finance.yahoo.com/quote/JPY%3DX,
2026-09-23 10:01 KST,A.매크로,usdjpy_5d_pct,USD/JPY 5거래일 변화율,1.5,1.44,%,2026-09-23,ok,Yahoo Finance,yfinance:JPY=X,https://finance.yahoo.com/quote/JPY%3DX,
2026-09-23 10:01 KST,A.매크로,cpi_yoy,CPI 전년비,3.71,3.54,%,2026-08-01,ok,FRED,https://api.stlouisfed.org/fred/series/observations?series_id=CPIAUCSL&api_key=***&file_type=json&sort_order=desc&limit=24,https://fred.stlouisfed.org/series/CPIAUCSL,FRED 갱신일 2026-09-11 (발표 후 30일 이내)
2026-09-23 10:01 KST,A.매크로,core_cpi_yoy,근원 CPI 전년비,2.76,2.79,%,2026-08-01,ok,FRED,https://api.stlouisfed.org/fred/series/observations?series_id=CPILFESL&api_key=***&file_type=json&sort_order=desc&limit=24,https://fred.stlouisfed.org/series/CPILFESL,FRED 갱신일 2026-09-11 (발표 후 30일 이내)
2026-09-23 10:01 KST,A.매크로,pce_yoy,PCE 전년비,3.7,3.72,%,2026-07-01,ok,FRED,https://api.stlouisfed.org/fred/series/observations?series_id=PCEPI&api_key=***&file_type=json&sort_order=desc&limit=24,https://fred.stlouisfed.org/series/PCEPI,FRED 갱신일 2026-08-26 (발표 후 30일 이내)
2026-09-23 10:01 KST,A.매크로,core_pce_yoy,근원 PCE 전년비,3.34,3.34,%,2026-07-01,ok,FRED,https://api.stlouisfed.org/fred/series/observations?series_id=PCEPILFE&api_key=***&file_type=json&sort_order=desc&limit=24,https://fred.stlouisfed.org/series/PCEPILFE,FRED 갱신일 2026-08-26 (발표 후 30일 이내)
2026-09-23 10:01 KST,A.매크로,infl_signal,인플레이션 방향 합계,-1,0,,2026-09-23,ok,FRED,,https://fred.stlouisfed.org/,최근 발표 지표 중 전년비 둔화 +1 / 재가속 −1의 합
2026-09-23 10:01 KST,C.파생·가격,btc_close,BTC 일봉 종가,86198.05,86594.94,USD,2026-09-22,ok,Coinbase 현물,https://api.exchange.coinbase.com/products/BTC-USD/candles?granularity=86400,https://www.coinbase.com/price/bitcoin,
2026-09-23 10:01 KST,C.파생·가격,rsi14,"RSI(14, 일봉)",72.2,73.74,,2026-09-22,ok,Coinbase 현물,https://api.exchange.coinbase.com/products/BTC-USD/candles?granularity=86400,https://www.coinbase.com/price/bitcoin,70↑ 과매수 / 30↓ 과매도
2026-09-23 10:01 KST,C.파생·가격,price_7d_pct,BTC 7일 가격 변화율,14.04,14.04,%,2026-09-22,ok,Coinbase 현물,https://api.exchange.coinbase.com/products/BTC-USD/candles?granularity=86400,https://www.coinbase.com/price/bitcoin,
2026-09-23 10:01 KST,C.파생·가격,oi,선물 미결제약정(OI),3.4,3.39,십억$,2026-09-22,ok,OKX 선물,https://www.okx.com/api/v5/rubik/stat/contracts/open-interest-volume?ccy=BTC&period=1D,https://www.okx.com/trade-swap/btc-usdt-swap,
2026-09-23 10:01 KST,C.파생·가격,oi_7d_pct,OI 7일 변화율,16.92,16.92,%,2026-09-22,ok,OKX 선물,https://www.okx.com/api/v5/rubik/stat/contracts/open-interest-volume?ccy=BTC&period=1D,https://www.okx.com/trade-swap/btc-usdt-swap,달러 기준 OI라 가격 변동이 섞여 있음
2026-09-23 10:01 KST,C.파생·가격,ls_account,롱/숏 계정비율,0.94,0.96,배,2026-09-22,ok,OKX 선물,https://www.okx.com/api/v5/rubik/stat/contracts/long-short-account-ratio?ccy=BTC&period=1D,https://www.okx.com/trade-swap/btc-usdt-swap,1 초과면 롱 우위
2026-09-23 10:01 KST,C.파생·가격,ls_account_pct,롱/숏 계정비율 분포 위치,6.7,6.7,백분위,2026-09-22,ok,OKX 선물,https://www.okx.com/api/v5/rubik/stat/contracts/long-short-account-ratio?ccy=BTC&period=1D,https://www.okx.com/trade-swap/btc-usdt-swap,OKX 선물 최근 30일 분포 기준. 높을수록 롱 쏠림
2026-09-23 10:01 KST,C.파생·가격,funding,펀딩비(최근 1회),0.0021,0.0054,%,2026-09-23 00:00 UTC,ok,OKX 선물,https://www.okx.com/api/v5/public/funding-rate-history?instId=BTC-USDT-SWAP&limit=6,https://www.okx.com/trade-swap/btc-usdt-swap,0.05%↑ 과열
2026-09-23 10:01 KST,C.파생·가격,funding_avg3,펀딩비 최근 3회 평균,0.0059,0.0059,%,2026-09-23 00:00 UTC,ok,OKX 선물,https://www.okx.com/api/v5/public/funding-rate-history?instId=BTC-USDT-SWAP&limit=6,https://www.okx.com/trade-swap/btc-usdt-swap,
2026-09-23 10:01 KST,C.파생·가격,dvol,DVOL(BTC 내재변동성),37.31,38.24,,2026-09-23 01:00 UTC,ok,Deribit,https://www.deribit.com/api/v2/public/get_volatility_index_data?currency=BTC&start_timestamp=1789866144211&end_timestamp=1790125344211&resolution=3600,https://www.deribit.com/statistics/BTC/volatility-index,
2026-09-23 10:01 KST,C.파생·가격,skew25,옵션 25델타 스큐(풋IV−콜IV),1.06,1.0,vol pt,2026-09-23 01:02 UTC,ok,Deribit,https://www.deribit.com/api/v2/public/get_instruments?currency=BTC&kind=option&expired=false,https://www.deribit.com/options/BTC,"만기 2026-10-30, 콜 BTC-30OCT26-95000-C / 풋 BTC-30OCT26-81000-P. 양수면 하방 헤지 수요 우위"
2026-09-23 10:01 KST,B.자금흐름,usdt_d,테더 도미넌스,6.204,6.199,%,2026-09-23 01:01 UTC,ok,CoinGecko,https://api.coingecko.com/api/v3/global,https://www.coingecko.com/en/global-charts,상승=위험회피 / TradingView USDT.D와 계산 방식 다름
2026-09-23 10:01 KST,B.자금흐름,total_mcap,전체 시가총액(TOTAL),2.9461,2.9468,조$,2026-09-23 01:01 UTC,ok,CoinGecko,https://api.coingecko.com/api/v3/global,https://www.coingecko.com/en/global-charts,
2026-09-23 10:01 KST,B.자금흐름,etf_total,BTC 현물 ETF 순유입(전체),999.0,433.0,백만$,2026-09-21,ok,TFTC (SoSoValue·Farside 집계),https://www.tftc.io/bitcoin-etf-flows/data.json,https://www.tftc.io/bitcoin-etf-flows,3거래일 연속 순유입 / 집계 기준일 2026-09-21
2026-09-23 10:01 KST,B.자금흐름,etf_ibit,IBIT(블랙록) 순유입,381.4,108.4,백만$,2026-09-21,ok,TFTC (SoSoValue·Farside 집계),https://www.tftc.io/bitcoin-etf-flows/data.json,https://www.tftc.io/bitcoin-etf-flows,
2026-09-23 10:01 KST,B.자금흐름,etf_5d_sum,ETF 5거래일 순유입 합계,845.1,,백만$,2026-09-21,ok,TFTC (SoSoValue·Farside 집계),https://www.tftc.io/bitcoin-etf-flows/data.json,https://www.tftc.io/bitcoin-etf-flows,
2026-09-23 10:01 KST,B.자금흐름,etf_streak,ETF 연속일수(+유입/−유출),3,,일,2026-09-21,ok,TFTC (SoSoValue·Farside 집계),https://www.tftc.io/bitcoin-etf-flows/data.json,https://www.tftc.io/bitcoin-etf-flows,
2026-09-23 10:01 KST,D.온체인,mvrv_z,MVRV Z-Score,0.7545,0.7545,,2026-09-16,ok,BGeometrics,https://bitcoin-data.com/v1/mvrv-zscore/last,https://charts.bgeometrics.com/,0 이하 역사적 매수구간 / 7 이상 과열
2026-09-23 10:01 KST,D.온체인,sth_mvrv,단기보유자 MVRV,1.07,1.07,,2026-09-16,ok,BGeometrics,https://bitcoin-data.com/v1/sth-mvrv/last,https://charts.bgeometrics.com/,
2026-09-23 10:01 KST,D.온체인,sth_rp,단기보유자 실현가(STH-RP),80764.0,80764.0,$,2026-09-16,ok,BGeometrics,https://bitcoin-data.com/v1/sth-mvrv/last,https://charts.bgeometrics.com/,가격 ÷ STH-MVRV로 계산 (가격 86418.0$). 가격이 위면 강세 유지
2026-09-23 10:01 KST,D.온체인,ex_in_btc,거래소 BTC 유입,39392.9,12118.4,BTC,2026-09-21,ok,Coin Metrics 커뮤니티,https://community-api.coinmetrics.io/v4/timeseries/asset-metrics?assets=btc&metrics=FlowInExNtv&frequency=1d&page_size=130&paging_from=end,https://charts.coinmetrics.io/crypto-data/,
2026-09-23 10:01 KST,D.온체인,ex_out_btc,거래소 BTC 유출,43259.9,12143.1,BTC,2026-09-21,ok,Coin Metrics 커뮤니티,https://community-api.coinmetrics.io/v4/timeseries/asset-metrics?assets=btc&metrics=FlowOutExNtv&frequency=1d&page_size=130&paging_from=end,https://charts.coinmetrics.io/crypto-data/,
2026-09-23 10:01 KST,D.온체인,ex_net_7d,거래소 순유입 7일 합,-4005.4,-4005.4,BTC,2026-09-21,ok,Coin Metrics 커뮤니티,https://community-api.coinmetrics.io/v4/timeseries/asset-metrics?assets=btc&metrics=FlowInExUSD&frequency=1d&page_size=130&paging_from=end,https://charts.coinmetrics.io/crypto-data/,
2026-09-23 10:01 KST,D.온체인,ex_net_7d_pct,거래소 순유입 7일 합 분포 위치,72.2,72.2,백분위,2026-09-21,ok,Coin Metrics 커뮤니티,https://community-api.coinmetrics.io/v4/timeseries/asset-metrics?assets=btc&metrics=FlowInExUSD&frequency=1d&page_size=130&paging_from=end,https://charts.coinmetrics.io/crypto-data/,최근 90일 분포 기준. 높을수록 매도 압력
2026-09-23 10:01 KST,D.온체인,ex_net_btc,거래소 BTC 순유입,-3867.0,-3867.0,BTC,2026-09-21,ok,Coin Metrics 커뮤니티,https://community-api.coinmetrics.io/v4/timeseries/asset-metrics?assets=btc&metrics=FlowInExNtv&frequency=1d&page_size=130&paging_from=end,https://charts.coinmetrics.io/crypto-data/,양수=매도 압력 / 음수=축적
2026-09-23 10:01 KST,D.온체인,ex_supply_30d_pct,거래소 보유량 30일 변화율,0.2,0.2,%,2026-09-21,ok,Coin Metrics 커뮤니티,https://community-api.coinmetrics.io/v4/timeseries/asset-metrics?assets=btc&metrics=SplyExNtv&frequency=1d&page_size=130&paging_from=end,https://charts.coinmetrics.io/crypto-data/,
2026-09-23 10:01 KST,D.온체인,ex_supply,거래소 BTC 보유량,2719494.0,2721136.0,BTC,2026-09-21,ok,Coin Metrics 커뮤니티,https://community-api.coinmetrics.io/v4/timeseries/asset-metrics?assets=btc&metrics=SplyExNtv&frequency=1d&page_size=130&paging_from=end,https://charts.coinmetrics.io/crypto-data/,
2026-09-23 10:01 KST,D.온체인,miner_to_ex,채굴자→거래소 유입,,,,,manual,수동 확인,,https://cryptoquant.com/asset/btc/chart/miner-flows,무료 소스 없음 → 수동 확인 목록 참고
2026-09-23 10:01 KST,D.온체인,whale_ratio_proxy,고래비율(근사),,,,,fail,Arkham + Coin Metrics,,https://intel.arkm.com/,Arkham 키 없음
2026-09-23 10:01 KST,Z.점수,score_ind_mvrv_z,점수: MVRV Z,1,,,2026-09-23,ok,점수 계산(coin_daily),,,MVRV Z 0.75
2026-09-23 10:01 KST,Z.점수,score_ind_sth,점수: 가격÷STH-RP,0,,,2026-09-23,ok,점수 계산(coin_daily),,,가격÷STH-RP 1.070
2026-09-23 10:01 KST,Z.점수,score_ind_etf,점수: 현물 ETF 순유입,2,,,2026-09-23,ok,점수 계산(coin_daily),,,3거래일 연속 순유입
2026-09-23 10:01 KST,Z.점수,score_ind_ex_net,점수: 거래소 순유입(7일),-1,,,2026-09-23,ok,점수 계산(coin_daily),,,7일 순유입 분포 72백분위
2026-09-23 10:01 KST,Z.점수,score_ind_ex_supply,점수: 거래소 보유량(30일),0,,,2026-09-23,ok,점수 계산(coin_daily),,,30일 +0.20% (±0.5% 미만은 0점)
2026-09-23 10:01 KST,Z.점수,score_ind_whale,점수: 고래비율(근사),,,,2026-09-23,fail,점수 계산(coin_daily),,,값 없음
2026-09-23 10:01 KST,Z.점수,score_ind_usdt_d,점수: 테더 도미넌스(7일),,,,2026-09-23,fail,점수 계산(coin_daily),,,7일 전 값 없음
2026-09-23 10:01 KST,Z.점수,score_ind_funding,점수: 펀딩비,1,,,2026-09-23,ok,점수 계산(coin_daily),,,3회 평균 0.0059%
2026-09-23 10:01 KST,Z.점수,score_ind_rsi,점수: RSI(14),-2,,,2026-09-23,ok,점수 계산(coin_daily),,,RSI 72.2
2026-09-23 10:01 KST,Z.점수,score_ind_ls,점수: 롱/숏 비율,2,,,2026-09-23,ok,점수 계산(coin_daily),,,롱/숏 분포 7백분위
2026-09-23 10:01 KST,Z.점수,score_ind_oi,점수: 미결제약정(OI),0,,,2026-09-23,ok,점수 계산(coin_daily),,,"OI 7일 +16.9%, 가격 +14.0%"
2026-09-23 10:01 KST,Z.점수,score_ind_skew,점수: 옵션 스큐,0,,,2026-09-23,ok,점수 계산(coin_daily),,,+1.06
2026-09-23 10:01 KST,Z.점수,score_ind_nasdaq,점수: 나스닥,1,,,2026-09-23,ok,점수 계산(coin_daily),,,50일선 위
2026-09-23 10:01 KST,Z.점수,score_ind_dxy,점수: DXY,-1,,,2026-09-23,ok,점수 계산(coin_daily),,,"100.55, 20일 +1.6% (상승)"
2026-09-23 10:01 KST,Z.점수,score_ind_usdjpy,점수: USD/JPY,0,,,2026-09-23,ok,점수 계산(coin_daily),,,157.59
2026-09-23 10:01 KST,Z.점수,score_ind_infl,점수: CPI·PCE,-1,,,2026-09-23,ok,점수 계산(coin_daily),,,둔화−재가속 합계 -1
2026-09-23 10:01 KST,Z.점수,score_ind_fomc,점수: 폴리마켓 금리인하,,,,2026-09-23,fail,점수 계산(coin_daily),,,FOMC 마켓 미설정 또는 값 없음
2026-09-23 10:01 KST,Z.점수,score_group_밸류에이션,그룹 점수: 밸류에이션,25.0,,,2026-09-23,ok,점수 계산(coin_daily),,,
2026-09-23 10:01 KST,Z.점수,score_group_수급,그룹 점수: 수급,16.7,,,2026-09-23,ok,점수 계산(coin_daily),,,
2026-09-23 10:01 KST,Z.점수,score_group_파생·심리,그룹 점수: 파생·심리,10.0,,,2026-09-23,ok,점수 계산(coin_daily),,,
2026-09-23 10:01 KST,Z.점수,score_group_매크로,그룹 점수: 매크로,-12.5,,,2026-09-23,ok,점수 계산(coin_daily),,,
2026-09-23 10:01 KST,Z.점수,score_total,총점,12.4,,,2026-09-23,ok,점수 계산(coin_daily),,,
2026-09-23 10:01 KST,Z.점수,score_avg3,3일 평균 총점,12.4,,,2026-09-23,ok,점수 계산(coin_daily),,,
2026-09-23 10:01 KST,Z.점수,score_coverage,판정 가능 비율,82.4,,,2026-09-23,ok,점수 계산(coin_daily),,,
2026-09-23 10:01 KST,Z.점수,judgment_raw,오늘 구간,중립,,,2026-09-23,ok,점수 계산(coin_daily),,,
2026-09-23 10:01 KST,Z.점수,judgment,판정,중립,,,2026-09-23,ok,점수 계산(coin_daily),,,
2026-09-23 10:01 KST,Z.점수,target,BTC 목표 비중(%),60,,,2026-09-23,ok,점수 계산(coin_daily),,,
2026-09-24 09:46 KST,A.매크로,nasdaq,나스닥 종합지수,26936.037,27122.09,pt,2026-09-23,ok,Yahoo Finance,yfinance:^IXIC,https://finance.yahoo.com/quote/%5EIXIC,
2026-09-24 09:46 KST,A.매크로,nasdaq_5d_pct,나스닥 5거래일 변화율,3.67,4.86,%,2026-09-23,ok,Yahoo Finance,yfinance:^IXIC,https://finance.yahoo.com/quote/%5EIXIC,
2026-09-24 09:46 KST,A.매크로,nasdaq_ma50,나스닥 50일 이평,26109.64,26115.81,pt,2026-09-23,ok,Yahoo Finance,yfinance:^IXIC,https://finance.yahoo.com/quote/%5EIXIC,종가가 이평 위면 추세 양호
2026-09-24 09:46 KST,A.매크로,dxy,달러인덱스(DXY),101.146,100.43,pt,2026-09-23,ok,Yahoo Finance,yfinance:DX-Y.NYB,https://finance.yahoo.com/quote/DX-Y.NYB,
2026-09-24 09:46 KST,A.매크로,dxy_20d_pct,DXY 20거래일 변화율,2.17,1.57,%,2026-09-23,ok,Yahoo Finance,yfinance:DX-Y.NYB,https://finance.yahoo.com/quote/DX-Y.NYB,
2026-09-24 09:46 KST,A.매크로,usdjpy,USD/JPY,158.265,157.464,엔,2026-09-24,ok,Yahoo Finance,yfinance:JPY=X,https://finance.yahoo.com/quote/JPY%3DX,
2026-09-24 09:46 KST,A.매크로,usdjpy_5d_pct,USD/JPY 5거래일 변화율,1.44,1.5,%,2026-09-24,ok,Yahoo Finance,yfinance:JPY=X,https://finance.yahoo.com/quote/JPY%3DX,
2026-09-24 09:46 KST,A.매크로,cpi_yoy,CPI 전년비,3.71,3.54,%,2026-08-01,ok,FRED,https://api.stlouisfed.org/fred/series/observations?series_id=CPIAUCSL&api_key=***&file_type=json&sort_order=desc&limit=24,https://fred.stlouisfed.org/series/CPIAUCSL,FRED 갱신일 2026-09-11 (발표 후 30일 이내)
2026-09-24 09:46 KST,A.매크로,core_cpi_yoy,근원 CPI 전년비,2.76,2.79,%,2026-08-01,ok,FRED,https://api.stlouisfed.org/fred/series/observations?series_id=CPILFESL&api_key=***&file_type=json&sort_order=desc&limit=24,https://fred.stlouisfed.org/series/CPILFESL,FRED 갱신일 2026-09-11 (발표 후 30일 이내)
2026-09-24 09:46 KST,A.매크로,pce_yoy,PCE 전년비,3.7,3.72,%,2026-07-01,ok,FRED,https://api.stlouisfed.org/fred/series/observations?series_id=PCEPI&api_key=***&file_type=json&sort_order=desc&limit=24,https://fred.stlouisfed.org/series/PCEPI,FRED 갱신일 2026-08-26 (발표 후 30일 이내)
2026-09-24 09:46 KST,A.매크로,core_pce_yoy,근원 PCE 전년비,3.34,3.34,%,2026-07-01,ok,FRED,https://api.stlouisfed.org/fred/series/observations?series_id=PCEPILFE&api_key=***&file_type=json&sort_order=desc&limit=24,https://fred.stlouisfed.org/series/PCEPILFE,FRED 갱신일 2026-08-26 (발표 후 30일 이내)
2026-09-24 09:46 KST,A.매크로,infl_signal,인플레이션 방향 합계,-1,-1,,2026-09-24,ok,FRED,,https://fred.stlouisfed.org/,최근 발표 지표 중 전년비 둔화 +1 / 재가속 −1의 합
2026-09-24 09:46 KST,C.파생·가격,btc_close,BTC 일봉 종가,84378.31,86198.05,USD,2026-09-23,ok,Coinbase 현물,https://api.exchange.coinbase.com/products/BTC-USD/candles?granularity=86400,https://www.coinbase.com/price/bitcoin,
2026-09-24 09:46 KST,C.파생·가격,rsi14,"RSI(14, 일봉)",65.42,72.2,,2026-09-23,ok,Coinbase 현물,https://api.exchange.coinbase.com/products/BTC-USD/candles?granularity=86400,https://www.coinbase.com/price/bitcoin,70↑ 과매수 / 30↓ 과매도
2026-09-24 09:46 KST,C.파생·가격,price_7d_pct,BTC 7일 가격 변화율,10.81,14.04,%,2026-09-23,ok,Coinbase 현물,https://api.exchange.coinbase.com/products/BTC-USD/candles?granularity=86400,https://www.coinbase.com/price/bitcoin,
2026-09-24 09:46 KST,C.파생·가격,oi,선물 미결제약정(OI),3.34,3.4,십억$,2026-09-23,ok,OKX 선물,https://www.okx.com/api/v5/rubik/stat/contracts/open-interest-volume?ccy=BTC&period=1D,https://www.okx.com/trade-swap/btc-usdt-swap,
2026-09-24 09:46 KST,C.파생·가격,oi_7d_pct,OI 7일 변화율,17.51,16.92,%,2026-09-23,ok,OKX 선물,https://www.okx.com/api/v5/rubik/stat/contracts/open-interest-volume?ccy=BTC&period=1D,https://www.okx.com/trade-swap/btc-usdt-swap,달러 기준 OI라 가격 변동이 섞여 있음
2026-09-24 09:46 KST,C.파생·가격,ls_account,롱/숏 계정비율,1.17,1.08,배,2026-09-23,ok,OKX 선물,https://www.okx.com/api/v5/rubik/stat/contracts/long-short-account-ratio?ccy=BTC&period=1D,https://www.okx.com/trade-swap/btc-usdt-swap,1 초과면 롱 우위
2026-09-24 09:46 KST,C.파생·가격,ls_account_pct,롱/숏 계정비율 분포 위치,60.0,6.7,백분위,2026-09-23,ok,OKX 선물,https://www.okx.com/api/v5/rubik/stat/contracts/long-short-account-ratio?ccy=BTC&period=1D,https://www.okx.com/trade-swap/btc-usdt-swap,OKX 선물 최근 30일 분포 기준. 높을수록 롱 쏠림
2026-09-24 09:46 KST,C.파생·가격,funding,펀딩비(최근 1회),0.0005,0.0095,%,2026-09-24 00:00 UTC,ok,OKX 선물,https://www.okx.com/api/v5/public/funding-rate-history?instId=BTC-USDT-SWAP&limit=6,https://www.okx.com/trade-swap/btc-usdt-swap,0.05%↑ 과열
2026-09-24 09:46 KST,C.파생·가격,funding_avg3,펀딩비 최근 3회 평균,0.0045,0.0059,%,2026-09-24 00:00 UTC,ok,OKX 선물,https://www.okx.com/api/v5/public/funding-rate-history?instId=BTC-USDT-SWAP&limit=6,https://www.okx.com/trade-swap/btc-usdt-swap,
2026-09-24 09:46 KST,C.파생·가격,dvol,DVOL(BTC 내재변동성),35.79,37.31,,2026-09-24 00:00 UTC,ok,Deribit,https://www.deribit.com/api/v2/public/get_volatility_index_data?currency=BTC&start_timestamp=1789951571796&end_timestamp=1790210771796&resolution=3600,https://www.deribit.com/statistics/BTC/volatility-index,
2026-09-24 09:46 KST,C.파생·가격,skew25,옵션 25델타 스큐(풋IV−콜IV),1.56,1.06,vol pt,2026-09-24 00:46 UTC,ok,Deribit,https://www.deribit.com/api/v2/public/get_instruments?currency=BTC&kind=option&expired=false,https://www.deribit.com/options/BTC,"만기 2026-10-30, 콜 BTC-30OCT26-92000-C / 풋 BTC-30OCT26-79000-P. 양수면 하방 헤지 수요 우위"
2026-09-24 09:46 KST,B.자금흐름,usdt_d,테더 도미넌스,6.368,6.204,%,2026-09-24 00:43 UTC,ok,CoinGecko,https://api.coingecko.com/api/v3/global,https://www.coingecko.com/en/global-charts,상승=위험회피 / TradingView USDT.D와 계산 방식 다름
2026-09-24 09:46 KST,B.자금흐름,total_mcap,전체 시가총액(TOTAL),2.875,2.9461,조$,2026-09-24 00:43 UTC,ok,CoinGecko,https://api.coingecko.com/api/v3/global,https://www.coingecko.com/en/global-charts,
2026-09-24 09:46 KST,B.자금흐름,etf_total,BTC 현물 ETF 순유입(전체),714.7,999.0,백만$,2026-09-22,ok,TFTC (SoSoValue·Farside 집계),https://www.tftc.io/bitcoin-etf-flows/data.json,https://www.tftc.io/bitcoin-etf-flows,4거래일 연속 순유입 / 집계 기준일 2026-09-22
2026-09-24 09:46 KST,B.자금흐름,etf_ibit,IBIT(블랙록) 순유입,350.3,381.4,백만$,2026-09-22,ok,TFTC (SoSoValue·Farside 집계),https://www.tftc.io/bitcoin-etf-flows/data.json,https://www.tftc.io/bitcoin-etf-flows,
2026-09-24 09:46 KST,B.자금흐름,etf_5d_sum,ETF 5거래일 순유입 합계,2010.2,845.1,백만$,2026-09-22,ok,TFTC (SoSoValue·Farside 집계),https://www.tftc.io/bitcoin-etf-flows/data.json,https://www.tftc.io/bitcoin-etf-flows,
2026-09-24 09:46 KST,B.자금흐름,etf_streak,ETF 연속일수(+유입/−유출),4,3,일,2026-09-22,ok,TFTC (SoSoValue·Farside 집계),https://www.tftc.io/bitcoin-etf-flows/data.json,https://www.tftc.io/bitcoin-etf-flows,
2026-09-24 09:46 KST,D.온체인,mvrv_z,MVRV Z-Score,0.7689,0.7545,,2026-09-17,ok,BGeometrics,https://bitcoin-data.com/v1/mvrv-zscore/last,https://charts.bgeometrics.com/,0 이하 역사적 매수구간 / 7 이상 과열
2026-09-24 09:46 KST,D.온체인,sth_mvrv,단기보유자 MVRV,1.07,1.07,,2026-09-17,ok,BGeometrics,https://bitcoin-data.com/v1/sth-mvrv/last,https://charts.bgeometrics.com/,
2026-09-24 09:46 KST,D.온체인,sth_rp,단기보유자 실현가(STH-RP),78938.0,80764.0,$,2026-09-17,ok,BGeometrics,https://bitcoin-data.com/v1/sth-mvrv/last,https://charts.bgeometrics.com/,가격 ÷ STH-MVRV로 계산 (가격 84463.0$). 가격이 위면 강세 유지
2026-09-24 09:46 KST,D.온체인,ex_in_btc,거래소 BTC 유입,26788.5,39392.9,BTC,2026-09-22,ok,Coin Metrics 커뮤니티,https://community-api.coinmetrics.io/v4/timeseries/asset-metrics?assets=btc&metrics=FlowInExNtv&frequency=1d&page_size=130&paging_from=end,https://charts.coinmetrics.io/crypto-data/,
2026-09-24 09:46 KST,D.온체인,ex_out_btc,거래소 BTC 유출,43695.3,43259.9,BTC,2026-09-22,ok,Coin Metrics 커뮤니티,https://community-api.coinmetrics.io/v4/timeseries/asset-metrics?assets=btc&metrics=FlowOutExNtv&frequency=1d&page_size=130&paging_from=end,https://charts.coinmetrics.io/crypto-data/,
2026-09-24 09:46 KST,D.온체인,ex_net_7d,거래소 순유입 7일 합,-26444.8,-4005.4,BTC,2026-09-22,ok,Coin Metrics 커뮤니티,https://community-api.coinmetrics.io/v4/timeseries/asset-metrics?assets=btc&metrics=FlowInExUSD&frequency=1d&page_size=130&paging_from=end,https://charts.coinmetrics.io/crypto-data/,
2026-09-24 09:46 KST,D.온체인,ex_net_7d_pct,거래소 순유입 7일 합 분포 위치,8.9,72.2,백분위,2026-09-22,ok,Coin Metrics 커뮤니티,https://community-api.coinmetrics.io/v4/timeseries/asset-metrics?assets=btc&metrics=FlowInExUSD&frequency=1d&page_size=130&paging_from=end,https://charts.coinmetrics.io/crypto-data/,최근 90일 분포 기준. 높을수록 매도 압력
2026-09-24 09:46 KST,D.온체인,ex_net_btc,거래소 BTC 순유입,-16906.8,-3867.0,BTC,2026-09-22,ok,Coin Metrics 커뮤니티,https://community-api.coinmetrics.io/v4/timeseries/asset-metrics?assets=btc&metrics=FlowInExNtv&frequency=1d&page_size=130&paging_from=end,https://charts.coinmetrics.io/crypto-data/,양수=매도 압력 / 음수=축적
2026-09-24 09:46 KST,D.온체인,ex_supply_30d_pct,거래소 보유량 30일 변화율,-0.39,0.2,%,2026-09-22,ok,Coin Metrics 커뮤니티,https://community-api.coinmetrics.io/v4/timeseries/asset-metrics?assets=btc&metrics=SplyExNtv&frequency=1d&page_size=130&paging_from=end,https://charts.coinmetrics.io/crypto-data/,
2026-09-24 09:46 KST,D.온체인,ex_supply,거래소 BTC 보유량,2705076.0,2719494.0,BTC,2026-09-22,ok,Coin Metrics 커뮤니티,https://community-api.coinmetrics.io/v4/timeseries/asset-metrics?assets=btc&metrics=SplyExNtv&frequency=1d&page_size=130&paging_from=end,https://charts.coinmetrics.io/crypto-data/,
2026-09-24 09:46 KST,D.온체인,miner_to_ex,채굴자→거래소 유입,,,,,manual,수동 확인,,https://cryptoquant.com/asset/btc/chart/miner-flows,무료 소스 없음 → 수동 확인 목록 참고
2026-09-24 09:46 KST,D.온체인,whale_ratio_proxy,고래비율(근사),,,,,fail,Arkham + Coin Metrics,,https://intel.arkm.com/,Arkham 키 없음
2026-09-24 09:46 KST,Z.점수,score_ind_mvrv_z,점수: MVRV Z,1,,,2026-09-24,ok,점수 계산(coin_daily),,,MVRV Z 0.77
2026-09-24 09:46 KST,Z.점수,score_ind_sth,점수: 가격÷STH-RP,0,,,2026-09-24,ok,점수 계산(coin_daily),,,가격÷STH-RP 1.070
2026-09-24 09:46 KST,Z.점수,score_ind_etf,점수: 현물 ETF 순유입,2,,,2026-09-24,ok,점수 계산(coin_daily),,,4거래일 연속 순유입
2026-09-24 09:46 KST,Z.점수,score_ind_ex_net,점수: 거래소 순유입(7일),2,,,2026-09-24,ok,점수 계산(coin_daily),,,7일 순유입 분포 9백분위
2026-09-24 09:46 KST,Z.점수,score_ind_ex_supply,점수: 거래소 보유량(30일),0,,,2026-09-24,ok,점수 계산(coin_daily),,,30일 -0.39% (±0.5% 미만은 0점)
2026-09-24 09:46 KST,Z.점수,score_ind_whale,점수: 고래비율(근사),,,,2026-09-24,fail,점수 계산(coin_daily),,,값 없음
2026-09-24 09:46 KST,Z.점수,score_ind_usdt_d,점수: 테더 도미넌스(7일),,,,2026-09-24,fail,점수 계산(coin_daily),,,7일 전 값 없음
2026-09-24 09:46 KST,Z.점수,score_ind_funding,점수: 펀딩비,1,,,2026-09-24,ok,점수 계산(coin_daily),,,3회 평균 0.0045%
2026-09-24 09:46 KST,Z.점수,score_ind_rsi,점수: RSI(14),-1,,,2026-09-24,ok,점수 계산(coin_daily),,,RSI 65.4
2026-09-24 09:46 KST,Z.점수,score_ind_ls,점수: 롱/숏 비율,0,,,2026-09-24,ok,점수 계산(coin_daily),,,롱/숏 분포 60백분위
2026-09-24 09:46 KST,Z.점수,score_ind_oi,점수: 미결제약정(OI),0,,,2026-09-24,ok,점수 계산(coin_daily),,,"OI 7일 +17.5%, 가격 +10.8%"
2026-09-24 09:46 KST,Z.점수,score_ind_skew,점수: 옵션 스큐,-1,,,2026-09-24,ok,점수 계산(coin_daily),,,"+1.56 (풋 우위 확대, 전일 +1.06)"
2026-09-24 09:46 KST,Z.점수,score_ind_nasdaq,점수: 나스닥,1,,,2026-09-24,ok,점수 계산(coin_daily),,,50일선 위
2026-09-24 09:46 KST,Z.점수,score_ind_dxy,점수: DXY,-1,,,2026-09-24,ok,점수 계산(coin_daily),,,"101.15, 20일 +2.2% (상승)"
2026-09-24 09:46 KST,Z.점수,score_ind_usdjpy,점수: USD/JPY,0,,,2026-09-24,ok,점수 계산(coin_daily),,,158.26
2026-09-24 09:46 KST,Z.점수,score_ind_infl,점수: CPI·PCE,-1,,,2026-09-24,ok,점수 계산(coin_daily),,,둔화−재가속 합계 -1
2026-09-24 09:46 KST,Z.점수,score_ind_fomc,점수: 폴리마켓 금리인하,,,,2026-09-24,fail,점수 계산(coin_daily),,,FOMC 마켓 미설정 또는 값 없음
2026-09-24 09:46 KST,Z.점수,score_group_밸류에이션,그룹 점수: 밸류에이션,25.0,,,2026-09-24,ok,점수 계산(coin_daily),,,
2026-09-24 09:46 KST,Z.점수,score_group_수급,그룹 점수: 수급,66.7,,,2026-09-24,ok,점수 계산(coin_daily),,,
2026-09-24 09:46 KST,Z.점수,score_group_파생·심리,그룹 점수: 파생·심리,-10.0,,,2026-09-24,ok,점수 계산(coin_daily),,,
2026-09-24 09:46 KST,Z.점수,score_group_매크로,그룹 점수: 매크로,-12.5,,,2026-09-24,ok,점수 계산(coin_daily),,,
2026-09-24 09:46 KST,Z.점수,score_total,총점,21.4,,,2026-09-24,ok,점수 계산(coin_daily),,,
2026-09-24 09:46 KST,Z.점수,score_avg3,3일 평균 총점,16.9,,,2026-09-24,ok,점수 계산(coin_daily),,,
2026-09-24 09:46 KST,Z.점수,score_coverage,판정 가능 비율,82.4,,,2026-09-24,ok,점수 계산(coin_daily),,,
2026-09-24 09:46 KST,Z.점수,judgment_raw,오늘 구간,중립,,,2026-09-24,ok,점수 계산(coin_daily),,,
2026-09-24 09:46 KST,Z.점수,judgment,판정,중립,,,2026-09-24,ok,점수 계산(coin_daily),,,
2026-09-24 09:46 KST,Z.점수,target,BTC 목표 비중(%),60,,,2026-09-24,ok,점수 계산(coin_daily),,,
2026-09-25 09:45 KST,A.매크로,nasdaq,나스닥 종합지수,26939.373,26936.039,pt,2026-09-24,ok,Yahoo Finance,yfinance:^IXIC,https://finance.yahoo.com/quote/%5EIXIC,
2026-09-25 09:45 KST,A.매크로,nasdaq_5d_pct,나스닥 5거래일 변화율,3.7,3.67,%,2026-09-24,ok,Yahoo Finance,yfinance:^IXIC,https://finance.yahoo.com/quote/%5EIXIC,
2026-09-25 09:45 KST,A.매크로,nasdaq_ma50,나스닥 50일 이평,26126.29,26109.64,pt,2026-09-24,ok,Yahoo Finance,yfinance:^IXIC,https://finance.yahoo.com/quote/%5EIXIC,종가가 이평 위면 추세 양호
2026-09-25 09:45 KST,A.매크로,dxy,달러인덱스(DXY),101.292,101.1,pt,2026-09-24,ok,Yahoo Finance,yfinance:DX-Y.NYB,https://finance.yahoo.com/quote/DX-Y.NYB,
2026-09-25 09:45 KST,A.매크로,dxy_20d_pct,DXY 20거래일 변화율,2.4,2.17,%,2026-09-24,ok,Yahoo Finance,yfinance:DX-Y.NYB,https://finance.yahoo.com/quote/DX-Y.NYB,
2026-09-25 09:45 KST,A.매크로,usdjpy,USD/JPY,158.729,158.265,엔,2026-09-25,ok,Yahoo Finance,yfinance:JPY=X,https://finance.yahoo.com/quote/JPY%3DX,
2026-09-25 09:45 KST,A.매크로,usdjpy_5d_pct,USD/JPY 5거래일 변화율,1.67,1.44,%,2026-09-25,ok,Yahoo Finance,yfinance:JPY=X,https://finance.yahoo.com/quote/JPY%3DX,
2026-09-25 09:45 KST,A.매크로,cpi_yoy,CPI 전년비,3.71,3.54,%,2026-08-01,ok,FRED,https://api.stlouisfed.org/fred/series/observations?series_id=CPIAUCSL&api_key=***&file_type=json&sort_order=desc&limit=24,https://fred.stlouisfed.org/series/CPIAUCSL,FRED 갱신일 2026-09-11 (발표 후 30일 이내)
2026-09-25 09:45 KST,A.매크로,core_cpi_yoy,근원 CPI 전년비,2.76,2.79,%,2026-08-01,ok,FRED,https://api.stlouisfed.org/fred/series/observations?series_id=CPILFESL&api_key=***&file_type=json&sort_order=desc&limit=24,https://fred.stlouisfed.org/series/CPILFESL,FRED 갱신일 2026-09-11 (발표 후 30일 이내)
2026-09-25 09:45 KST,A.매크로,pce_yoy,PCE 전년비,3.7,3.72,%,2026-07-01,ok,FRED,https://api.stlouisfed.org/fred/series/observations?series_id=PCEPI&api_key=***&file_type=json&sort_order=desc&limit=24,https://fred.stlouisfed.org/series/PCEPI,FRED 갱신일 2026-08-26 (발표 후 30일 이내)
2026-09-25 09:45 KST,A.매크로,core_pce_yoy,근원 PCE 전년비,3.34,3.34,%,2026-07-01,ok,FRED,https://api.stlouisfed.org/fred/series/observations?series_id=PCEPILFE&api_key=***&file_type=json&sort_order=desc&limit=24,https://fred.stlouisfed.org/series/PCEPILFE,FRED 갱신일 2026-08-26 (발표 후 30일 이내)
2026-09-25 09:45 KST,A.매크로,infl_signal,인플레이션 방향 합계,-1,-1,,2026-09-25,ok,FRED,,https://fred.stlouisfed.org/,최근 발표 지표 중 전년비 둔화 +1 / 재가속 −1의 합
2026-09-25 09:45 KST,C.파생·가격,btc_close,BTC 일봉 종가,84385.46,84378.31,USD,2026-09-24,ok,Coinbase 현물,https://api.exchange.coinbase.com/products/BTC-USD/candles?granularity=86400,https://www.coinbase.com/price/bitcoin,
2026-09-25 09:45 KST,C.파생·가격,rsi14,"RSI(14, 일봉)",65.43,65.42,,2026-09-24,ok,Coinbase 현물,https://api.exchange.coinbase.com/products/BTC-USD/candles?granularity=86400,https://www.coinbase.com/price/bitcoin,70↑ 과매수 / 30↓ 과매도
2026-09-25 09:45 KST,C.파생·가격,price_7d_pct,BTC 7일 가격 변화율,10.53,10.81,%,2026-09-24,ok,Coinbase 현물,https://api.exchange.coinbase.com/products/BTC-USD/candles?granularity=86400,https://www.coinbase.com/price/bitcoin,
2026-09-25 09:45 KST,C.파생·가격,oi,선물 미결제약정(OI),3.17,3.34,십억$,2026-09-24,ok,OKX 선물,https://www.okx.com/api/v5/rubik/stat/contracts/open-interest-volume?ccy=BTC&period=1D,https://www.okx.com/trade-swap/btc-usdt-swap,
2026-09-25 09:45 KST,C.파생·가격,oi_7d_pct,OI 7일 변화율,8.86,17.51,%,2026-09-24,ok,OKX 선물,https://www.okx.com/api/v5/rubik/stat/contracts/open-interest-volume?ccy=BTC&period=1D,https://www.okx.com/trade-swap/btc-usdt-swap,달러 기준 OI라 가격 변동이 섞여 있음
2026-09-25 09:45 KST,C.파생·가격,ls_account,롱/숏 계정비율,1.24,1.26,배,2026-09-24,ok,OKX 선물,https://www.okx.com/api/v5/rubik/stat/contracts/long-short-account-ratio?ccy=BTC&period=1D,https://www.okx.com/trade-swap/btc-usdt-swap,1 초과면 롱 우위
2026-09-25 09:45 KST,C.파생·가격,ls_account_pct,롱/숏 계정비율 분포 위치,56.7,60.0,백분위,2026-09-24,ok,OKX 선물,https://www.okx.com/api/v5/rubik/stat/contracts/long-short-account-ratio?ccy=BTC&period=1D,https://www.okx.com/trade-swap/btc-usdt-swap,OKX 선물 최근 30일 분포 기준. 높을수록 롱 쏠림
2026-09-25 09:45 KST,C.파생·가격,funding,펀딩비(최근 1회),-0.0004,-0.0003,%,2026-09-25 00:00 UTC,ok,OKX 선물,https://www.okx.com/api/v5/public/funding-rate-history?instId=BTC-USDT-SWAP&limit=6,https://www.okx.com/trade-swap/btc-usdt-swap,0.05%↑ 과열
2026-09-25 09:45 KST,C.파생·가격,funding_avg3,펀딩비 최근 3회 평균,0.0007,0.0045,%,2026-09-25 00:00 UTC,ok,OKX 선물,https://www.okx.com/api/v5/public/funding-rate-history?instId=BTC-USDT-SWAP&limit=6,https://www.okx.com/trade-swap/btc-usdt-swap,
2026-09-25 09:45 KST,C.파생·가격,dvol,DVOL(BTC 내재변동성),36.02,35.81,,2026-09-25 00:00 UTC,ok,Deribit,https://www.deribit.com/api/v2/public/get_volatility_index_data?currency=BTC&start_timestamp=1790037933469&end_timestamp=1790297133469&resolution=3600,https://www.deribit.com/statistics/BTC/volatility-index,
2026-09-25 09:45 KST,C.파생·가격,skew25,옵션 25델타 스큐(풋IV−콜IV),1.12,1.56,vol pt,2026-09-25 00:45 UTC,ok,Deribit,https://www.deribit.com/api/v2/public/get_instruments?currency=BTC&kind=option&expired=false,https://www.deribit.com/options/BTC,"만기 2026-10-30, 콜 BTC-30OCT26-92000-C / 풋 BTC-30OCT26-79000-P. 양수면 하방 헤지 수요 우위"
2026-09-25 09:45 KST,B.자금흐름,usdt_d,테더 도미넌스,6.334,6.368,%,2026-09-25 00:45 UTC,ok,CoinGecko,https://api.coingecko.com/api/v3/global,https://www.coingecko.com/en/global-charts,상승=위험회피 / TradingView USDT.D와 계산 방식 다름
2026-09-25 09:45 KST,B.자금흐름,total_mcap,전체 시가총액(TOTAL),2.8957,2.875,조$,2026-09-25 00:45 UTC,ok,CoinGecko,https://api.coingecko.com/api/v3/global,https://www.coingecko.com/en/global-charts,
2026-09-25 09:45 KST,B.자금흐름,etf_total,BTC 현물 ETF 순유입(전체),347.0,714.7,백만$,2026-09-23,ok,TFTC (SoSoValue·Farside 집계),https://www.tftc.io/bitcoin-etf-flows/data.json,https://www.tftc.io/bitcoin-etf-flows,5거래일 연속 순유입 / 집계 기준일 2026-09-23
2026-09-25 09:45 KST,B.자금흐름,etf_ibit,IBIT(블랙록) 순유입,166.3,350.3,백만$,2026-09-23,ok,TFTC (SoSoValue·Farside 집계),https://www.tftc.io/bitcoin-etf-flows/data.json,https://www.tftc.io/bitcoin-etf-flows,
2026-09-25 09:45 KST,B.자금흐름,etf_5d_sum,ETF 5거래일 순유입 합계,2653.2,2010.2,백만$,2026-09-23,ok,TFTC (SoSoValue·Farside 집계),https://www.tftc.io/bitcoin-etf-flows/data.json,https://www.tftc.io/bitcoin-etf-flows,
2026-09-25 09:45 KST,B.자금흐름,etf_streak,ETF 연속일수(+유입/−유출),5,4,일,2026-09-23,ok,TFTC (SoSoValue·Farside 집계),https://www.tftc.io/bitcoin-etf-flows/data.json,https://www.tftc.io/bitcoin-etf-flows,
2026-09-25 09:45 KST,D.온체인,mvrv_z,MVRV Z-Score,0.78,0.7689,,2026-09-18,ok,BGeometrics,https://bitcoin-data.com/v1/mvrv-zscore/last,https://charts.bgeometrics.com/,0 이하 역사적 매수구간 / 7 이상 과열
2026-09-25 09:45 KST,D.온체인,sth_mvrv,단기보유자 MVRV,1.13,1.07,,2026-09-18,ok,BGeometrics,https://bitcoin-data.com/v1/sth-mvrv/last,https://charts.bgeometrics.com/,
2026-09-25 09:45 KST,D.온체인,sth_rp,단기보유자 실현가(STH-RP),74640.0,78938.0,$,2026-09-18,ok,BGeometrics,https://bitcoin-data.com/v1/sth-mvrv/last,https://charts.bgeometrics.com/,가격 ÷ STH-MVRV로 계산 (가격 84344.0$). 가격이 위면 강세 유지
2026-09-25 09:45 KST,D.온체인,ex_in_btc,거래소 BTC 유입,22387.6,26788.5,BTC,2026-09-23,ok,Coin Metrics 커뮤니티,https://community-api.coinmetrics.io/v4/timeseries/asset-metrics?assets=btc&metrics=FlowInExNtv&frequency=1d&page_size=130&paging_from=end,https://charts.coinmetrics.io/crypto-data/,
2026-09-25 09:45 KST,D.온체인,ex_out_btc,거래소 BTC 유출,32444.5,43695.3,BTC,2026-09-23,ok,Coin Metrics 커뮤니티,https://community-api.coinmetrics.io/v4/timeseries/asset-metrics?assets=btc&metrics=FlowOutExNtv&frequency=1d&page_size=130&paging_from=end,https://charts.coinmetrics.io/crypto-data/,
2026-09-25 09:45 KST,D.온체인,ex_net_7d,거래소 순유입 7일 합,-34394.8,-26444.8,BTC,2026-09-23,ok,Coin Metrics 커뮤니티,https://community-api.coinmetrics.io/v4/timeseries/asset-metrics?assets=btc&metrics=FlowInExUSD&frequency=1d&page_size=130&paging_from=end,https://charts.coinmetrics.io/crypto-data/,
2026-09-25 09:45 KST,D.온체인,ex_net_7d_pct,거래소 순유입 7일 합 분포 위치,6.7,8.9,백분위,2026-09-23,ok,Coin Metrics 커뮤니티,https://community-api.coinmetrics.io/v4/timeseries/asset-metrics?assets=btc&metrics=FlowInExUSD&frequency=1d&page_size=130&paging_from=end,https://charts.coinmetrics.io/crypto-data/,최근 90일 분포 기준. 높을수록 매도 압력
2026-09-25 09:45 KST,D.온체인,ex_net_btc,거래소 BTC 순유입,-10056.9,-16906.8,BTC,2026-09-23,ok,Coin Metrics 커뮤니티,https://community-api.coinmetrics.io/v4/timeseries/asset-metrics?assets=btc&metrics=FlowInExNtv&frequency=1d&page_size=130&paging_from=end,https://charts.coinmetrics.io/crypto-data/,양수=매도 압력 / 음수=축적
2026-09-25 09:45 KST,D.온체인,ex_supply_30d_pct,거래소 보유량 30일 변화율,-0.45,-0.39,%,2026-09-23,ok,Coin Metrics 커뮤니티,https://community-api.coinmetrics.io/v4/timeseries/asset-metrics?assets=btc&metrics=SplyExNtv&frequency=1d&page_size=130&paging_from=end,https://charts.coinmetrics.io/crypto-data/,
2026-09-25 09:45 KST,D.온체인,ex_supply,거래소 BTC 보유량,2695209.0,2705076.0,BTC,2026-09-23,ok,Coin Metrics 커뮤니티,https://community-api.coinmetrics.io/v4/timeseries/asset-metrics?assets=btc&metrics=SplyExNtv&frequency=1d&page_size=130&paging_from=end,https://charts.coinmetrics.io/crypto-data/,
2026-09-25 09:45 KST,D.온체인,miner_to_ex,채굴자→거래소 유입,,,,,manual,수동 확인,,https://cryptoquant.com/asset/btc/chart/miner-flows,무료 소스 없음 → 수동 확인 목록 참고
2026-09-25 09:45 KST,D.온체인,whale_ratio_proxy,고래비율(근사),,,,,fail,Arkham + Coin Metrics,,https://intel.arkm.com/,Arkham 키 없음
2026-09-25 09:45 KST,Z.점수,score_ind_mvrv_z,점수: MVRV Z,1,,,2026-09-25,ok,점수 계산(coin_daily),,,MVRV Z 0.78
2026-09-25 09:45 KST,Z.점수,score_ind_sth,점수: 가격÷STH-RP,0,,,2026-09-25,ok,점수 계산(coin_daily),,,가격÷STH-RP 1.130
2026-09-25 09:45 KST,Z.점수,score_ind_etf,점수: 현물 ETF 순유입,2,,,2026-09-25,ok,점수 계산(coin_daily),,,5거래일 연속 순유입
2026-09-25 09:45 KST,Z.점수,score_ind_ex_net,점수: 거래소 순유입(7일),2,,,2026-09-25,ok,점수 계산(coin_daily),,,7일 순유입 분포 7백분위
2026-09-25 09:45 KST,Z.점수,score_ind_ex_supply,점수: 거래소 보유량(30일),0,,,2026-09-25,ok,점수 계산(coin_daily),,,30일 -0.45% (±0.5% 미만은 0점)
2026-09-25 09:45 KST,Z.점수,score_ind_whale,점수: 고래비율(근사),,,,2026-09-25,fail,점수 계산(coin_daily),,,값 없음
2026-09-25 09:45 KST,Z.점수,score_ind_usdt_d,점수: 테더 도미넌스(7일),,,,2026-09-25,fail,점수 계산(coin_daily),,,7일 전 값 없음
2026-09-25 09:45 KST,Z.점수,score_ind_funding,점수: 펀딩비,1,,,2026-09-25,ok,점수 계산(coin_daily),,,3회 평균 0.0007%
2026-09-25 09:45 KST,Z.점수,score_ind_rsi,점수: RSI(14),-1,,,2026-09-25,ok,점수 계산(coin_daily),,,RSI 65.4
2026-09-25 09:45 KST,Z.점수,score_ind_ls,점수: 롱/숏 비율,0,,,2026-09-25,ok,점수 계산(coin_daily),,,롱/숏 분포 57백분위
2026-09-25 09:45 KST,Z.점수,score_ind_oi,점수: 미결제약정(OI),0,,,2026-09-25,ok,점수 계산(coin_daily),,,"OI 7일 +8.9%, 가격 +10.5%"
2026-09-25 09:45 KST,Z.점수,score_ind_skew,점수: 옵션 스큐,0,,,2026-09-25,ok,점수 계산(coin_daily),,,+1.12
2026-09-25 09:45 KST,Z.점수,score_ind_nasdaq,점수: 나스닥,1,,,2026-09-25,ok,점수 계산(coin_daily),,,50일선 위
2026-09-25 09:45 KST,Z.점수,score_ind_dxy,점수: DXY,-1,,,2026-09-25,ok,점수 계산(coin_daily),,,"101.29, 20일 +2.4% (상승)"
2026-09-25 09:45 KST,Z.점수,score_ind_usdjpy,점수: USD/JPY,0,,,2026-09-25,ok,점수 계산(coin_daily),,,158.73
2026-09-25 09:45 KST,Z.점수,score_ind_infl,점수: CPI·PCE,-1,,,2026-09-25,ok,점수 계산(coin_daily),,,둔화−재가속 합계 -1
2026-09-25 09:45 KST,Z.점수,score_ind_fomc,점수: 폴리마켓 금리인하,,,,2026-09-25,fail,점수 계산(coin_daily),,,FOMC 마켓 미설정 또는 값 없음
2026-09-25 09:45 KST,Z.점수,score_group_밸류에이션,그룹 점수: 밸류에이션,25.0,,,2026-09-25,ok,점수 계산(coin_daily),,,
2026-09-25 09:45 KST,Z.점수,score_group_수급,그룹 점수: 수급,66.7,,,2026-09-25,ok,점수 계산(coin_daily),,,
2026-09-25 09:45 KST,Z.점수,score_group_파생·심리,그룹 점수: 파생·심리,0.0,,,2026-09-25,ok,점수 계산(coin_daily),,,
2026-09-25 09:45 KST,Z.점수,score_group_매크로,그룹 점수: 매크로,-12.5,,,2026-09-25,ok,점수 계산(coin_daily),,,
2026-09-25 09:45 KST,Z.점수,score_total,총점,24.4,,,2026-09-25,ok,점수 계산(coin_daily),,,
2026-09-25 09:45 KST,Z.점수,score_avg3,3일 평균 총점,19.4,,,2026-09-25,ok,점수 계산(coin_daily),,,
2026-09-25 09:45 KST,Z.점수,score_coverage,판정 가능 비율,82.4,,,2026-09-25,ok,점수 계산(coin_daily),,,
2026-09-25 09:45 KST,Z.점수,judgment_raw,오늘 구간,중립,,,2026-09-25,ok,점수 계산(coin_daily),,,
2026-09-25 09:45 KST,Z.점수,judgment,판정,중립,,,2026-09-25,ok,점수 계산(coin_daily),,,
2026-09-25 09:45 KST,Z.점수,target,BTC 목표 비중(%),60,,,2026-09-25,ok,점수 계산(coin_daily),,,
2026-09-26 09:46 KST,A.매크로,nasdaq,나스닥 종합지수,27068.717,26939.369,pt,2026-09-25,ok,Yahoo Finance,yfinance:^IXIC,https://finance.yahoo.com/quote/%5EIXIC,
2026-09-26 09:46 KST,A.매크로,nasdaq_5d_pct,나스닥 5거래일 변화율,2.06,3.7,%,2026-09-25,ok,Yahoo Finance,yfinance:^IXIC,https://finance.yahoo.com/quote/%5EIXIC,
2026-09-26 09:46 KST,A.매크로,nasdaq_ma50,나스닥 50일 이평,26169.53,26126.29,pt,2026-09-25,ok,Yahoo Finance,yfinance:^IXIC,https://finance.yahoo.com/quote/%5EIXIC,종가가 이평 위면 추세 양호
2026-09-26 09:46 KST,A.매크로,dxy,달러인덱스(DXY),101.035,101.29,pt,2026-09-25,ok,Yahoo Finance,yfinance:DX-Y.NYB,https://finance.yahoo.com/quote/DX-Y.NYB,
2026-09-26 09:46 KST,A.매크로,dxy_20d_pct,DXY 20거래일 변화율,1.89,2.4,%,2026-09-25,ok,Yahoo Finance,yfinance:DX-Y.NYB,https://finance.yahoo.com/quote/DX-Y.NYB,
2026-09-26 09:46 KST,A.매크로,usdjpy,USD/JPY,157.185,158.265,엔,2026-09-25,ok,Yahoo Finance,yfinance:JPY=X,https://finance.yahoo.com/quote/JPY%3DX,
2026-09-26 09:46 KST,A.매크로,usdjpy_5d_pct,USD/JPY 5거래일 변화율,0.68,1.67,%,2026-09-25,ok,Yahoo Finance,yfinance:JPY=X,https://finance.yahoo.com/quote/JPY%3DX,
2026-09-26 09:46 KST,A.매크로,cpi_yoy,CPI 전년비,3.71,3.54,%,2026-08-01,ok,FRED,https://api.stlouisfed.org/fred/series/observations?series_id=CPIAUCSL&api_key=***&file_type=json&sort_order=desc&limit=24,https://fred.stlouisfed.org/series/CPIAUCSL,FRED 갱신일 2026-09-11 (발표 후 30일 이내)
2026-09-26 09:46 KST,A.매크로,core_cpi_yoy,근원 CPI 전년비,2.76,2.79,%,2026-08-01,ok,FRED,https://api.stlouisfed.org/fred/series/observations?series_id=CPILFESL&api_key=***&file_type=json&sort_order=desc&limit=24,https://fred.stlouisfed.org/series/CPILFESL,FRED 갱신일 2026-09-11 (발표 후 30일 이내)
2026-09-26 09:46 KST,A.매크로,pce_yoy,PCE 전년비,3.7,3.72,%,2026-07-01,ok,FRED,https://api.stlouisfed.org/fred/series/observations?series_id=PCEPI&api_key=***&file_type=json&sort_order=desc&limit=24,https://fred.stlouisfed.org/series/PCEPI,FRED 갱신일 2026-08-26 (점수 미반영: 발표 후 30일 경과)
2026-09-26 09:46 KST,A.매크로,core_pce_yoy,근원 PCE 전년비,3.34,3.34,%,2026-07-01,ok,FRED,https://api.stlouisfed.org/fred/series/observations?series_id=PCEPILFE&api_key=***&file_type=json&sort_order=desc&limit=24,https://fred.stlouisfed.org/series/PCEPILFE,FRED 갱신일 2026-08-26 (점수 미반영: 발표 후 30일 경과)
2026-09-26 09:46 KST,A.매크로,infl_signal,인플레이션 방향 합계,-1,-1,,2026-09-26,ok,FRED,,https://fred.stlouisfed.org/,최근 발표 지표 중 전년비 둔화 +1 / 재가속 −1의 합
2026-09-26 09:46 KST,C.파생·가격,btc_close,BTC 일봉 종가,84093.13,84385.46,USD,2026-09-25,ok,Coinbase 현물,https://api.exchange.coinbase.com/products/BTC-USD/candles?granularity=86400,https://www.coinbase.com/price/bitcoin,
2026-09-26 09:46 KST,C.파생·가격,rsi14,"RSI(14, 일봉)",64.31,65.43,,2026-09-25,ok,Coinbase 현물,https://api.exchange.coinbase.com/products/BTC-USD/candles?granularity=86400,https://www.coinbase.com/price/bitcoin,70↑ 과매수 / 30↓ 과매도
2026-09-26 09:46 KST,C.파생·가격,price_7d_pct,BTC 7일 가격 변화율,3.98,10.53,%,2026-09-25,ok,Coinbase 현물,https://api.exchange.coinbase.com/products/BTC-USD/candles?granularity=86400,https://www.coinbase.com/price/bitcoin,
2026-09-26 09:46 KST,C.파생·가격,oi,선물 미결제약정(OI),3.16,3.17,십억$,2026-09-25,ok,OKX 선물,https://www.okx.com/api/v5/rubik/stat/contracts/open-interest-volume?ccy=BTC&period=1D,https://www.okx.com/trade-swap/btc-usdt-swap,
2026-09-26 09:46 KST,C.파생·가격,oi_7d_pct,OI 7일 변화율,0.18,8.86,%,2026-09-25,ok,OKX 선물,https://www.okx.com/api/v5/rubik/stat/contracts/open-interest-volume?ccy=BTC&period=1D,https://www.okx.com/trade-swap/btc-usdt-swap,달러 기준 OI라 가격 변동이 섞여 있음
2026-09-26 09:46 KST,C.파생·가격,ls_account,롱/숏 계정비율,1.29,1.33,배,2026-09-25,ok,OKX 선물,https://www.okx.com/api/v5/rubik/stat/contracts/long-short-account-ratio?ccy=BTC&period=1D,https://www.okx.com/trade-swap/btc-usdt-swap,1 초과면 롱 우위
2026-09-26 09:46 KST,C.파생·가격,ls_account_pct,롱/숏 계정비율 분포 위치,73.3,56.7,백분위,2026-09-25,ok,OKX 선물,https://www.okx.com/api/v5/rubik/stat/contracts/long-short-account-ratio?ccy=BTC&period=1D,https://www.okx.com/trade-swap/btc-usdt-swap,OKX 선물 최근 30일 분포 기준. 높을수록 롱 쏠림
2026-09-26 09:46 KST,C.파생·가격,funding,펀딩비(최근 1회),0.0017,0.0034,%,2026-09-26 00:00 UTC,ok,OKX 선물,https://www.okx.com/api/v5/public/funding-rate-history?instId=BTC-USDT-SWAP&limit=6,https://www.okx.com/trade-swap/btc-usdt-swap,0.05%↑ 과열
2026-09-26 09:46 KST,C.파생·가격,funding_avg3,펀딩비 최근 3회 평균,0.0041,0.0007,%,2026-09-26 00:00 UTC,ok,OKX 선물,https://www.okx.com/api/v5/public/funding-rate-history?instId=BTC-USDT-SWAP&limit=6,https://www.okx.com/trade-swap/btc-usdt-swap,
2026-09-26 09:46 KST,C.파생·가격,dvol,DVOL(BTC 내재변동성),34.77,36.0,,2026-09-26 00:00 UTC,ok,Deribit,https://www.deribit.com/api/v2/public/get_volatility_index_data?currency=BTC&start_timestamp=1790124373805&end_timestamp=1790383573805&resolution=3600,https://www.deribit.com/statistics/BTC/volatility-index,
2026-09-26 09:46 KST,C.파생·가격,skew25,옵션 25델타 스큐(풋IV−콜IV),0.62,1.12,vol pt,2026-09-26 00:46 UTC,ok,Deribit,https://www.deribit.com/api/v2/public/get_instruments?currency=BTC&kind=option&expired=false,https://www.deribit.com/options/BTC,"만기 2026-10-30, 콜 BTC-30OCT26-91000-C / 풋 BTC-30OCT26-79000-P. 양수면 하방 헤지 수요 우위"
2026-09-26 09:46 KST,B.자금흐름,usdt_d,테더 도미넌스,6.355,6.334,%,2026-09-26 00:37 UTC,ok,CoinGecko,https://api.coingecko.com/api/v3/global,https://www.coingecko.com/en/global-charts,상승=위험회피 / TradingView USDT.D와 계산 방식 다름
2026-09-26 09:46 KST,B.자금흐름,total_mcap,전체 시가총액(TOTAL),2.8869,2.8957,조$,2026-09-26 00:37 UTC,ok,CoinGecko,https://api.coingecko.com/api/v3/global,https://www.coingecko.com/en/global-charts,
2026-09-26 09:46 KST,B.자금흐름,etf_total,BTC 현물 ETF 순유입(전체),190.6,347.0,백만$,2026-09-24,ok,TFTC (SoSoValue·Farside 집계),https://www.tftc.io/bitcoin-etf-flows/data.json,https://www.tftc.io/bitcoin-etf-flows,6거래일 연속 순유입 / 집계 기준일 2026-09-24
2026-09-26 09:46 KST,B.자금흐름,etf_ibit,IBIT(블랙록) 순유입,162.6,166.3,백만$,2026-09-24,ok,TFTC (SoSoValue·Farside 집계),https://www.tftc.io/bitcoin-etf-flows/data.json,https://www.tftc.io/bitcoin-etf-flows,
2026-09-26 09:46 KST,B.자금흐름,etf_5d_sum,ETF 5거래일 순유입 합계,2684.4,2653.2,백만$,2026-09-24,ok,TFTC (SoSoValue·Farside 집계),https://www.tftc.io/bitcoin-etf-flows/data.json,https://www.tftc.io/bitcoin-etf-flows,
2026-09-26 09:46 KST,B.자금흐름,etf_streak,ETF 연속일수(+유입/−유출),6,5,일,2026-09-24,ok,TFTC (SoSoValue·Farside 집계),https://www.tftc.io/bitcoin-etf-flows/data.json,https://www.tftc.io/bitcoin-etf-flows,
2026-09-26 09:46 KST,D.온체인,mvrv_z,MVRV Z-Score,0.9259,0.78,,2026-09-19,ok,BGeometrics,https://bitcoin-data.com/v1/mvrv-zscore/last,https://charts.bgeometrics.com/,0 이하 역사적 매수구간 / 7 이상 과열
2026-09-26 09:46 KST,D.온체인,sth_mvrv,단기보유자 MVRV,1.13,1.13,,2026-09-19,ok,BGeometrics,https://bitcoin-data.com/v1/sth-mvrv/last,https://charts.bgeometrics.com/,
2026-09-26 09:46 KST,D.온체인,sth_rp,단기보유자 실현가(STH-RP),74401.0,74640.0,$,2026-09-19,ok,BGeometrics,https://bitcoin-data.com/v1/sth-mvrv/last,https://charts.bgeometrics.com/,가격 ÷ STH-MVRV로 계산 (가격 84074.0$). 가격이 위면 강세 유지
2026-09-26 09:46 KST,D.온체인,ex_in_btc,거래소 BTC 유입,19032.1,22387.6,BTC,2026-09-24,ok,Coin Metrics 커뮤니티,https://community-api.coinmetrics.io/v4/timeseries/asset-metrics?assets=btc&metrics=FlowInExNtv&frequency=1d&page_size=130&paging_from=end,https://charts.coinmetrics.io/crypto-data/,
2026-09-26 09:46 KST,D.온체인,ex_out_btc,거래소 BTC 유출,26693.5,32444.5,BTC,2026-09-24,ok,Coin Metrics 커뮤니티,https://community-api.coinmetrics.io/v4/timeseries/asset-metrics?assets=btc&metrics=FlowOutExNtv&frequency=1d&page_size=130&paging_from=end,https://charts.coinmetrics.io/crypto-data/,
2026-09-26 09:46 KST,D.온체인,ex_net_7d,거래소 순유입 7일 합,-41054.2,-34394.8,BTC,2026-09-24,ok,Coin Metrics 커뮤니티,https://community-api.coinmetrics.io/v4/timeseries/asset-metrics?assets=btc&metrics=FlowInExUSD&frequency=1d&page_size=130&paging_from=end,https://charts.coinmetrics.io/crypto-data/,
2026-09-26 09:46 KST,D.온체인,ex_net_7d_pct,거래소 순유입 7일 합 분포 위치,2.2,6.7,백분위,2026-09-24,ok,Coin Metrics 커뮤니티,https://community-api.coinmetrics.io/v4/timeseries/asset-metrics?assets=btc&metrics=FlowInExUSD&frequency=1d&page_size=130&paging_from=end,https://charts.coinmetrics.io/crypto-data/,최근 90일 분포 기준. 높을수록 매도 압력
2026-09-26 09:46 KST,D.온체인,ex_net_btc,거래소 BTC 순유입,-7661.3,-10056.9,BTC,2026-09-24,ok,Coin Metrics 커뮤니티,https://community-api.coinmetrics.io/v4/timeseries/asset-metrics?assets=btc&metrics=FlowInExNtv&frequency=1d&page_size=130&paging_from=end,https://charts.coinmetrics.io/crypto-data/,양수=매도 압력 / 음수=축적
2026-09-26 09:46 KST,D.온체인,ex_supply_30d_pct,거래소 보유량 30일 변화율,-0.6,-0.45,%,2026-09-24,ok,Coin Metrics 커뮤니티,https://community-api.coinmetrics.io/v4/timeseries/asset-metrics?assets=btc&metrics=SplyExNtv&frequency=1d&page_size=130&paging_from=end,https://charts.coinmetrics.io/crypto-data/,
2026-09-26 09:46 KST,D.온체인,ex_supply,거래소 BTC 보유량,2690689.0,2695209.0,BTC,2026-09-24,ok,Coin Metrics 커뮤니티,https://community-api.coinmetrics.io/v4/timeseries/asset-metrics?assets=btc&metrics=SplyExNtv&frequency=1d&page_size=130&paging_from=end,https://charts.coinmetrics.io/crypto-data/,
2026-09-26 09:46 KST,D.온체인,miner_to_ex,채굴자→거래소 유입,,,,,manual,수동 확인,,https://cryptoquant.com/asset/btc/chart/miner-flows,무료 소스 없음 → 수동 확인 목록 참고
2026-09-26 09:46 KST,D.온체인,whale_ratio_proxy,고래비율(근사),,,,,fail,Arkham + Coin Metrics,,https://intel.arkm.com/,Arkham 키 없음
2026-09-26 09:46 KST,Z.점수,score_ind_mvrv_z,점수: MVRV Z,1,,,2026-09-26,ok,점수 계산(coin_daily),,,MVRV Z 0.93
2026-09-26 09:46 KST,Z.점수,score_ind_sth,점수: 가격÷STH-RP,0,,,2026-09-26,ok,점수 계산(coin_daily),,,가격÷STH-RP 1.130
2026-09-26 09:46 KST,Z.점수,score_ind_etf,점수: 현물 ETF 순유입,2,,,2026-09-26,ok,점수 계산(coin_daily),,,6거래일 연속 순유입
2026-09-26 09:46 KST,Z.점수,score_ind_ex_net,점수: 거래소 순유입(7일),2,,,2026-09-26,ok,점수 계산(coin_daily),,,7일 순유입 분포 2백분위
2026-09-26 09:46 KST,Z.점수,score_ind_ex_supply,점수: 거래소 보유량(30일),1,,,2026-09-26,ok,점수 계산(coin_daily),,,30일 -0.60% (±0.5% 미만은 0점)
2026-09-26 09:46 KST,Z.점수,score_ind_whale,점수: 고래비율(근사),,,,2026-09-26,fail,점수 계산(coin_daily),,,값 없음
2026-09-26 09:46 KST,Z.점수,score_ind_usdt_d,점수: 테더 도미넌스(7일),,,,2026-09-26,fail,점수 계산(coin_daily),,,7일 전 값 없음
2026-09-26 09:46 KST,Z.점수,score_ind_funding,점수: 펀딩비,1,,,2026-09-26,ok,점수 계산(coin_daily),,,3회 평균 0.0041%
2026-09-26 09:46 KST,Z.점수,score_ind_rsi,점수: RSI(14),-1,,,2026-09-26,ok,점수 계산(coin_daily),,,RSI 64.3
2026-09-26 09:46 KST,Z.점수,score_ind_ls,점수: 롱/숏 비율,-1,,,2026-09-26,ok,점수 계산(coin_daily),,,롱/숏 분포 73백분위
2026-09-26 09:46 KST,Z.점수,score_ind_oi,점수: 미결제약정(OI),0,,,2026-09-26,ok,점수 계산(coin_daily),,,"OI 7일 +0.2%, 가격 +4.0%"
2026-09-26 09:46 KST,Z.점수,score_ind_skew,점수: 옵션 스큐,0,,,2026-09-26,ok,점수 계산(coin_daily),,,+0.62
2026-09-26 09:46 KST,Z.점수,score_ind_nasdaq,점수: 나스닥,1,,,2026-09-26,ok,점수 계산(coin_daily),,,50일선 위
2026-09-26 09:46 KST,Z.점수,score_ind_dxy,점수: DXY,-1,,,2026-09-26,ok,점수 계산(coin_daily),,,"101.03, 20일 +1.9% (상승)"
2026-09-26 09:46 KST,Z.점수,score_ind_usdjpy,점수: USD/JPY,0,,,2026-09-26,ok,점수 계산(coin_daily),,,157.19
2026-09-26 09:46 KST,Z.점수,score_ind_infl,점수: CPI·PCE,-1,,,2026-09-26,ok,점수 계산(coin_daily),,,둔화−재가속 합계 -1
2026-09-26 09:46 KST,Z.점수,score_ind_fomc,점수: 폴리마켓 금리인하,,,,2026-09-26,fail,점수 계산(coin_daily),,,FOMC 마켓 미설정 또는 값 없음
2026-09-26 09:46 KST,Z.점수,score_group_밸류에이션,그룹 점수: 밸류에이션,25.0,,,2026-09-26,ok,점수 계산(coin_daily),,,
2026-09-26 09:46 KST,Z.점수,score_group_수급,그룹 점수: 수급,83.3,,,2026-09-26,ok,점수 계산(coin_daily),,,
2026-09-26 09:46 KST,Z.점수,score_group_파생·심리,그룹 점수: 파생·심리,-10.0,,,2026-09-26,ok,점수 계산(coin_daily),,,
2026-09-26 09:46 KST,Z.점수,score_group_매크로,그룹 점수: 매크로,-12.5,,,2026-09-26,ok,점수 계산(coin_daily),,,
2026-09-26 09:46 KST,Z.점수,score_total,총점,26.4,,,2026-09-26,ok,점수 계산(coin_daily),,,
2026-09-26 09:46 KST,Z.점수,score_avg3,3일 평균 총점,24.1,,,2026-09-26,ok,점수 계산(coin_daily),,,
2026-09-26 09:46 KST,Z.점수,score_coverage,판정 가능 비율,82.4,,,2026-09-26,ok,점수 계산(coin_daily),,,
2026-09-26 09:46 KST,Z.점수,judgment_raw,오늘 구간,매수,,,2026-09-26,ok,점수 계산(coin_daily),,,
2026-09-26 09:46 KST,Z.점수,judgment,판정,중립,,,2026-09-26,ok,점수 계산(coin_daily),,,"오늘 구간 '매수'는 첫날 → 내일도 같으면 변경, 오늘은 '중립' 유지"
2026-09-26 09:46 KST,Z.점수,target,BTC 목표 비중(%),60,,,2026-09-26,ok,점수 계산(coin_daily),,,
2026-09-27 09:47 KST,A.매크로,nasdaq,나스닥 종합지수,27068.721,26939.369,pt,2026-09-25,ok,Yahoo Finance,yfinance:^IXIC,https://finance.yahoo.com/quote/%5EIXIC,
2026-09-27 09:47 KST,A.매크로,nasdaq_5d_pct,나스닥 5거래일 변화율,2.06,2.06,%,2026-09-25,ok,Yahoo Finance,yfinance:^IXIC,https://finance.yahoo.com/quote/%5EIXIC,
2026-09-27 09:47 KST,A.매크로,nasdaq_ma50,나스닥 50일 이평,26169.53,26169.53,pt,2026-09-25,ok,Yahoo Finance,yfinance:^IXIC,https://finance.yahoo.com/quote/%5EIXIC,종가가 이평 위면 추세 양호
2026-09-27 09:47 KST,A.매크로,dxy,달러인덱스(DXY),100.97,101.29,pt,2026-09-25,ok,Yahoo Finance,yfinance:DX-Y.NYB,https://finance.yahoo.com/quote/DX-Y.NYB,
2026-09-27 09:47 KST,A.매크로,dxy_20d_pct,DXY 20거래일 변화율,1.83,1.89,%,2026-09-25,ok,Yahoo Finance,yfinance:DX-Y.NYB,https://finance.yahoo.com/quote/DX-Y.NYB,
2026-09-27 09:47 KST,A.매크로,usdjpy,USD/JPY,157.185,158.811,엔,2026-09-26,ok,Yahoo Finance,yfinance:JPY=X,https://finance.yahoo.com/quote/JPY%3DX,
2026-09-27 09:47 KST,A.매크로,usdjpy_5d_pct,USD/JPY 5거래일 변화율,0.09,0.68,%,2026-09-26,ok,Yahoo Finance,yfinance:JPY=X,https://finance.yahoo.com/quote/JPY%3DX,
2026-09-27 09:47 KST,A.매크로,cpi_yoy,CPI 전년비,3.71,3.54,%,2026-08-01,ok,FRED,https://api.stlouisfed.org/fred/series/observations?series_id=CPIAUCSL&api_key=***&file_type=json&sort_order=desc&limit=24,https://fred.stlouisfed.org/series/CPIAUCSL,FRED 갱신일 2026-09-11 (발표 후 30일 이내)
2026-09-27 09:47 KST,A.매크로,core_cpi_yoy,근원 CPI 전년비,2.76,2.79,%,2026-08-01,ok,FRED,https://api.stlouisfed.org/fred/series/observations?series_id=CPILFESL&api_key=***&file_type=json&sort_order=desc&limit=24,https://fred.stlouisfed.org/series/CPILFESL,FRED 갱신일 2026-09-11 (발표 후 30일 이내)
2026-09-27 09:47 KST,A.매크로,pce_yoy,PCE 전년비,3.7,3.72,%,2026-07-01,ok,FRED,https://api.stlouisfed.org/fred/series/observations?series_id=PCEPI&api_key=***&file_type=json&sort_order=desc&limit=24,https://fred.stlouisfed.org/series/PCEPI,FRED 갱신일 2026-08-26 (점수 미반영: 발표 후 30일 경과)
2026-09-27 09:47 KST,A.매크로,core_pce_yoy,근원 PCE 전년비,3.34,3.34,%,2026-07-01,ok,FRED,https://api.stlouisfed.org/fred/series/observations?series_id=PCEPILFE&api_key=***&file_type=json&sort_order=desc&limit=24,https://fred.stlouisfed.org/series/PCEPILFE,FRED 갱신일 2026-08-26 (점수 미반영: 발표 후 30일 경과)
2026-09-27 09:47 KST,A.매크로,infl_signal,인플레이션 방향 합계,-1,-1,,2026-09-27,ok,FRED,,https://fred.stlouisfed.org/,최근 발표 지표 중 전년비 둔화 +1 / 재가속 −1의 합
2026-09-27 09:47 KST,C.파생·가격,btc_close,BTC 일봉 종가,84416.65,84093.13,USD,2026-09-26,ok,Coinbase 현물,https://api.exchange.coinbase.com/products/BTC-USD/candles?granularity=86400,https://www.coinbase.com/price/bitcoin,
2026-09-27 09:47 KST,C.파생·가격,rsi14,"RSI(14, 일봉)",65.02,64.31,,2026-09-26,ok,Coinbase 현물,https://api.exchange.coinbase.com/products/BTC-USD/candles?granularity=86400,https://www.coinbase.com/price/bitcoin,70↑ 과매수 / 30↓ 과매도
2026-09-27 09:47 KST,C.파생·가격,price_7d_pct,BTC 7일 가격 변화율,3.92,3.98,%,2026-09-26,ok,Coinbase 현물,https://api.exchange.coinbase.com/products/BTC-USD/candles?granularity=86400,https://www.coinbase.com/price/bitcoin,
2026-09-27 09:47 KST,C.파생·가격,oi,선물 미결제약정(OI),3.12,3.16,십억$,2026-09-26,ok,OKX 선물,https://www.okx.com/api/v5/rubik/stat/contracts/open-interest-volume?ccy=BTC&period=1D,https://www.okx.com/trade-swap/btc-usdt-swap,
2026-09-27 09:47 KST,C.파생·가격,oi_7d_pct,OI 7일 변화율,-3.07,0.18,%,2026-09-26,ok,OKX 선물,https://www.okx.com/api/v5/rubik/stat/contracts/open-interest-volume?ccy=BTC&period=1D,https://www.okx.com/trade-swap/btc-usdt-swap,달러 기준 OI라 가격 변동이 섞여 있음
2026-09-27 09:47 KST,C.파생·가격,ls_account,롱/숏 계정비율,1.28,1.33,배,2026-09-26,ok,OKX 선물,https://www.okx.com/api/v5/rubik/stat/contracts/long-short-account-ratio?ccy=BTC&period=1D,https://www.okx.com/trade-swap/btc-usdt-swap,1 초과면 롱 우위
2026-09-27 09:47 KST,C.파생·가격,ls_account_pct,롱/숏 계정비율 분포 위치,63.3,73.3,백분위,2026-09-26,ok,OKX 선물,https://www.okx.com/api/v5/rubik/stat/contracts/long-short-account-ratio?ccy=BTC&period=1D,https://www.okx.com/trade-swap/btc-usdt-swap,OKX 선물 최근 30일 분포 기준. 높을수록 롱 쏠림
2026-09-27 09:47 KST,C.파생·가격,funding,펀딩비(최근 1회),-0.0009,-0.0006,%,2026-09-27 00:00 UTC,ok,OKX 선물,https://www.okx.com/api/v5/public/funding-rate-history?instId=BTC-USDT-SWAP&limit=6,https://www.okx.com/trade-swap/btc-usdt-swap,0.05%↑ 과열
2026-09-27 09:47 KST,C.파생·가격,funding_avg3,펀딩비 최근 3회 평균,0.0002,0.0041,%,2026-09-27 00:00 UTC,ok,OKX 선물,https://www.okx.com/api/v5/public/funding-rate-history?instId=BTC-USDT-SWAP&limit=6,https://www.okx.com/trade-swap/btc-usdt-swap,
2026-09-27 09:47 KST,C.파생·가격,dvol,DVOL(BTC 내재변동성),34.9,34.76,,2026-09-27 00:00 UTC,ok,Deribit,https://www.deribit.com/api/v2/public/get_volatility_index_data?currency=BTC&start_timestamp=1790210830058&end_timestamp=1790470030058&resolution=3600,https://www.deribit.com/statistics/BTC/volatility-index,
2026-09-27 09:47 KST,C.파생·가격,skew25,옵션 25델타 스큐(풋IV−콜IV),0.95,0.62,vol pt,2026-09-27 00:47 UTC,ok,Deribit,https://www.deribit.com/api/v2/public/get_instruments?currency=BTC&kind=option&expired=false,https://www.deribit.com/options/BTC,"만기 2026-10-30, 콜 BTC-30OCT26-91000-C / 풋 BTC-30OCT26-79000-P. 양수면 하방 헤지 수요 우위"
2026-09-27 09:47 KST,B.자금흐름,usdt_d,테더 도미넌스,6.324,6.355,%,2026-09-27 00:39 UTC,ok,CoinGecko,https://api.coingecko.com/api/v3/global,https://www.coingecko.com/en/global-charts,상승=위험회피 / TradingView USDT.D와 계산 방식 다름
2026-09-27 09:47 KST,B.자금흐름,total_mcap,전체 시가총액(TOTAL),2.9035,2.8869,조$,2026-09-27 00:39 UTC,ok,CoinGecko,https://api.coingecko.com/api/v3/global,https://www.coingecko.com/en/global-charts,
2026-09-27 09:47 KST,B.자금흐름,etf_total,BTC 현물 ETF 순유입(전체),134.5,190.6,백만$,2026-09-25,ok,TFTC (SoSoValue·Farside 집계),https://www.tftc.io/bitcoin-etf-flows/data.json,https://www.tftc.io/bitcoin-etf-flows,7거래일 연속 순유입 / 집계 기준일 2026-09-25
2026-09-27 09:47 KST,B.자금흐름,etf_ibit,IBIT(블랙록) 순유입,97.0,162.6,백만$,2026-09-25,ok,TFTC (SoSoValue·Farside 집계),https://www.tftc.io/bitcoin-etf-flows/data.json,https://www.tftc.io/bitcoin-etf-flows,
2026-09-27 09:47 KST,B.자금흐름,etf_5d_sum,ETF 5거래일 순유입 합계,2385.8,2684.4,백만$,2026-09-25,ok,TFTC (SoSoValue·Farside 집계),https://www.tftc.io/bitcoin-etf-flows/data.json,https://www.tftc.io/bitcoin-etf-flows,
2026-09-27 09:47 KST,B.자금흐름,etf_streak,ETF 연속일수(+유입/−유출),7,6,일,2026-09-25,ok,TFTC (SoSoValue·Farside 집계),https://www.tftc.io/bitcoin-etf-flows/data.json,https://www.tftc.io/bitcoin-etf-flows,
2026-09-27 09:47 KST,D.온체인,mvrv_z,MVRV Z-Score,0.9372,0.9259,,2026-09-20,ok,BGeometrics,https://bitcoin-data.com/v1/mvrv-zscore/last,https://charts.bgeometrics.com/,0 이하 역사적 매수구간 / 7 이상 과열
2026-09-27 09:47 KST,D.온체인,sth_mvrv,단기보유자 MVRV,1.13,1.13,,2026-09-20,ok,BGeometrics,https://bitcoin-data.com/v1/sth-mvrv/last,https://charts.bgeometrics.com/,
2026-09-27 09:47 KST,D.온체인,sth_rp,단기보유자 실현가(STH-RP),74679.0,74401.0,$,2026-09-20,ok,BGeometrics,https://bitcoin-data.com/v1/sth-mvrv/last,https://charts.bgeometrics.com/,가격 ÷ STH-MVRV로 계산 (가격 84388.0$). 가격이 위면 강세 유지
2026-09-27 09:47 KST,D.온체인,ex_in_btc,거래소 BTC 유입,22970.3,19032.1,BTC,2026-09-25,ok,Coin Metrics 커뮤니티,https://community-api.coinmetrics.io/v4/timeseries/asset-metrics?assets=btc&metrics=FlowInExNtv&frequency=1d&page_size=130&paging_from=end,https://charts.coinmetrics.io/crypto-data/,
2026-09-27 09:47 KST,D.온체인,ex_out_btc,거래소 BTC 유출,30130.3,26693.5,BTC,2026-09-25,ok,Coin Metrics 커뮤니티,https://community-api.coinmetrics.io/v4/timeseries/asset-metrics?assets=btc&metrics=FlowOutExNtv&frequency=1d&page_size=130&paging_from=end,https://charts.coinmetrics.io/crypto-data/,
2026-09-27 09:47 KST,D.온체인,ex_net_7d,거래소 순유입 7일 합,-47162.9,-41054.2,BTC,2026-09-25,ok,Coin Metrics 커뮤니티,https://community-api.coinmetrics.io/v4/timeseries/asset-metrics?assets=btc&metrics=FlowInExUSD&frequency=1d&page_size=130&paging_from=end,https://charts.coinmetrics.io/crypto-data/,
2026-09-27 09:47 KST,D.온체인,ex_net_7d_pct,거래소 순유입 7일 합 분포 위치,1.1,2.2,백분위,2026-09-25,ok,Coin Metrics 커뮤니티,https://community-api.coinmetrics.io/v4/timeseries/asset-metrics?assets=btc&metrics=FlowInExUSD&frequency=1d&page_size=130&paging_from=end,https://charts.coinmetrics.io/crypto-data/,최근 90일 분포 기준. 높을수록 매도 압력
2026-09-27 09:47 KST,D.온체인,ex_net_btc,거래소 BTC 순유입,-7160.0,-7661.3,BTC,2026-09-25,ok,Coin Metrics 커뮤니티,https://community-api.coinmetrics.io/v4/timeseries/asset-metrics?assets=btc&metrics=FlowInExNtv&frequency=1d&page_size=130&paging_from=end,https://charts.coinmetrics.io/crypto-data/,양수=매도 압력 / 음수=축적
2026-09-27 09:47 KST,D.온체인,ex_supply_30d_pct,거래소 보유량 30일 변화율,-0.67,-0.6,%,2026-09-25,ok,Coin Metrics 커뮤니티,https://community-api.coinmetrics.io/v4/timeseries/asset-metrics?assets=btc&metrics=SplyExNtv&frequency=1d&page_size=130&paging_from=end,https://charts.coinmetrics.io/crypto-data/,
2026-09-27 09:47 KST,D.온체인,ex_supply,거래소 BTC 보유량,2685119.0,2690689.0,BTC,2026-09-25,ok,Coin Metrics 커뮤니티,https://community-api.coinmetrics.io/v4/timeseries/asset-metrics?assets=btc&metrics=SplyExNtv&frequency=1d&page_size=130&paging_from=end,https://charts.coinmetrics.io/crypto-data/,
2026-09-27 09:47 KST,D.온체인,miner_to_ex,채굴자→거래소 유입,,,,,manual,수동 확인,,https://cryptoquant.com/asset/btc/chart/miner-flows,무료 소스 없음 → 수동 확인 목록 참고
2026-09-27 09:47 KST,D.온체인,whale_ratio_proxy,고래비율(근사),,,,,fail,Arkham + Coin Metrics,,https://intel.arkm.com/,Arkham 키 없음
2026-09-27 09:47 KST,Z.점수,score_ind_mvrv_z,점수: MVRV Z,1,,,2026-09-27,ok,점수 계산(coin_daily),,,MVRV Z 0.94
2026-09-27 09:47 KST,Z.점수,score_ind_sth,점수: 가격÷STH-RP,0,,,2026-09-27,ok,점수 계산(coin_daily),,,가격÷STH-RP 1.130
2026-09-27 09:47 KST,Z.점수,score_ind_etf,점수: 현물 ETF 순유입,2,,,2026-09-27,ok,점수 계산(coin_daily),,,7거래일 연속 순유입
2026-09-27 09:47 KST,Z.점수,score_ind_ex_net,점수: 거래소 순유입(7일),2,,,2026-09-27,ok,점수 계산(coin_daily),,,7일 순유입 분포 1백분위
2026-09-27 09:47 KST,Z.점수,score_ind_ex_supply,점수: 거래소 보유량(30일),1,,,2026-09-27,ok,점수 계산(coin_daily),,,30일 -0.67% (±0.5% 미만은 0점)
2026-09-27 09:47 KST,Z.점수,score_ind_whale,점수: 고래비율(근사),,,,2026-09-27,fail,점수 계산(coin_daily),,,값 없음
2026-09-27 09:47 KST,Z.점수,score_ind_usdt_d,점수: 테더 도미넌스(7일),,,,2026-09-27,fail,점수 계산(coin_daily),,,7일 전 값 없음
2026-09-27 09:47 KST,Z.점수,score_ind_funding,점수: 펀딩비,1,,,2026-09-27,ok,점수 계산(coin_daily),,,3회 평균 0.0002%
2026-09-27 09:47 KST,Z.점수,score_ind_rsi,점수: RSI(14),-1,,,2026-09-27,ok,점수 계산(coin_daily),,,RSI 65.0
2026-09-27 09:47 KST,Z.점수,score_ind_ls,점수: 롱/숏 비율,0,,,2026-09-27,ok,점수 계산(coin_daily),,,롱/숏 분포 63백분위
2026-09-27 09:47 KST,Z.점수,score_ind_oi,점수: 미결제약정(OI),0,,,2026-09-27,ok,점수 계산(coin_daily),,,"OI 7일 -3.1%, 가격 +3.9%"
2026-09-27 09:47 KST,Z.점수,score_ind_skew,점수: 옵션 스큐,-1,,,2026-09-27,ok,점수 계산(coin_daily),,,"+0.95 (풋 우위 확대, 전일 +0.62)"
2026-09-27 09:47 KST,Z.점수,score_ind_nasdaq,점수: 나스닥,1,,,2026-09-27,ok,점수 계산(coin_daily),,,50일선 위
2026-09-27 09:47 KST,Z.점수,score_ind_dxy,점수: DXY,-1,,,2026-09-27,ok,점수 계산(coin_daily),,,"100.97, 20일 +1.8% (상승)"
2026-09-27 09:47 KST,Z.점수,score_ind_usdjpy,점수: USD/JPY,0,,,2026-09-27,ok,점수 계산(coin_daily),,,157.19
2026-09-27 09:47 KST,Z.점수,score_ind_infl,점수: CPI·PCE,-1,,,2026-09-27,ok,점수 계산(coin_daily),,,둔화−재가속 합계 -1
2026-09-27 09:47 KST,Z.점수,score_ind_fomc,점수: 폴리마켓 금리인하,,,,2026-09-27,fail,점수 계산(coin_daily),,,FOMC 마켓 미설정 또는 값 없음
2026-09-27 09:47 KST,Z.점수,score_group_밸류에이션,그룹 점수: 밸류에이션,25.0,,,2026-09-27,ok,점수 계산(coin_daily),,,
2026-09-27 09:47 KST,Z.점수,score_group_수급,그룹 점수: 수급,83.3,,,2026-09-27,ok,점수 계산(coin_daily),,,
2026-09-27 09:47 KST,Z.점수,score_group_파생·심리,그룹 점수: 파생·심리,-10.0,,,2026-09-27,ok,점수 계산(coin_daily),,,
2026-09-27 09:47 KST,Z.점수,score_group_매크로,그룹 점수: 매크로,-12.5,,,2026-09-27,ok,점수 계산(coin_daily),,,
2026-09-27 09:47 KST,Z.점수,score_total,총점,26.4,,,2026-09-27,ok,점수 계산(coin_daily),,,
2026-09-27 09:47 KST,Z.점수,score_avg3,3일 평균 총점,25.7,,,2026-09-27,ok,점수 계산(coin_daily),,,
2026-09-27 09:47 KST,Z.점수,score_coverage,판정 가능 비율,82.4,,,2026-09-27,ok,점수 계산(coin_daily),,,
2026-09-27 09:47 KST,Z.점수,judgment_raw,오늘 구간,매수,,,2026-09-27,ok,점수 계산(coin_daily),,,
2026-09-27 09:47 KST,Z.점수,judgment,판정,매수,,,2026-09-27,ok,점수 계산(coin_daily),,,'매수' 구간 2일 연속 → 판정 변경 (중립 → 매수)
2026-09-27 09:47 KST,Z.점수,target,BTC 목표 비중(%),80,,,2026-09-27,ok,점수 계산(coin_daily),,,
2026-09-28 09:48 KST,A.매크로,nasdaq,나스닥 종합지수,27068.721,26939.369,pt,2026-09-25,ok,Yahoo Finance,yfinance:^IXIC,https://finance.yahoo.com/quote/%5EIXIC,
2026-09-28 09:48 KST,A.매크로,nasdaq_5d_pct,나스닥 5거래일 변화율,2.06,2.06,%,2026-09-25,ok,Yahoo Finance,yfinance:^IXIC,https://finance.yahoo.com/quote/%5EIXIC,
2026-09-28 09:48 KST,A.매크로,nasdaq_ma50,나스닥 50일 이평,26169.53,26169.53,pt,2026-09-25,ok,Yahoo Finance,yfinance:^IXIC,https://finance.yahoo.com/quote/%5EIXIC,종가가 이평 위면 추세 양호
2026-09-28 09:48 KST,A.매크로,dxy,달러인덱스(DXY),100.97,101.29,pt,2026-09-25,ok,Yahoo Finance,yfinance:DX-Y.NYB,https://finance.yahoo.com/quote/DX-Y.NYB,
2026-09-28 09:48 KST,A.매크로,dxy_20d_pct,DXY 20거래일 변화율,1.83,1.83,%,2026-09-25,ok,Yahoo Finance,yfinance:DX-Y.NYB,https://finance.yahoo.com/quote/DX-Y.NYB,
2026-09-28 09:48 KST,A.매크로,usdjpy,USD/JPY,157.754,158.811,엔,2026-09-28,ok,Yahoo Finance,yfinance:JPY=X,https://finance.yahoo.com/quote/JPY%3DX,
2026-09-28 09:48 KST,A.매크로,usdjpy_5d_pct,USD/JPY 5거래일 변화율,0.45,0.09,%,2026-09-28,ok,Yahoo Finance,yfinance:JPY=X,https://finance.yahoo.com/quote/JPY%3DX,
2026-09-28 09:48 KST,A.매크로,cpi_yoy,CPI 전년비,3.71,3.54,%,2026-08-01,ok,FRED,https://api.stlouisfed.org/fred/series/observations?series_id=CPIAUCSL&api_key=***&file_type=json&sort_order=desc&limit=24,https://fred.stlouisfed.org/series/CPIAUCSL,FRED 갱신일 2026-09-11 (발표 후 30일 이내)
2026-09-28 09:48 KST,A.매크로,core_cpi_yoy,근원 CPI 전년비,2.76,2.79,%,2026-08-01,ok,FRED,https://api.stlouisfed.org/fred/series/observations?series_id=CPILFESL&api_key=***&file_type=json&sort_order=desc&limit=24,https://fred.stlouisfed.org/series/CPILFESL,FRED 갱신일 2026-09-11 (발표 후 30일 이내)
2026-09-28 09:48 KST,A.매크로,pce_yoy,PCE 전년비,3.7,3.72,%,2026-07-01,ok,FRED,https://api.stlouisfed.org/fred/series/observations?series_id=PCEPI&api_key=***&file_type=json&sort_order=desc&limit=24,https://fred.stlouisfed.org/series/PCEPI,FRED 갱신일 2026-08-26 (점수 미반영: 발표 후 30일 경과)
2026-09-28 09:48 KST,A.매크로,core_pce_yoy,근원 PCE 전년비,3.34,3.34,%,2026-07-01,ok,FRED,https://api.stlouisfed.org/fred/series/observations?series_id=PCEPILFE&api_key=***&file_type=json&sort_order=desc&limit=24,https://fred.stlouisfed.org/series/PCEPILFE,FRED 갱신일 2026-08-26 (점수 미반영: 발표 후 30일 경과)
2026-09-28 09:48 KST,A.매크로,infl_signal,인플레이션 방향 합계,-1,-1,,2026-09-28,ok,FRED,,https://fred.stlouisfed.org/,최근 발표 지표 중 전년비 둔화 +1 / 재가속 −1의 합
2026-09-28 09:48 KST,C.파생·가격,btc_close,BTC 일봉 종가,84462.14,84416.65,USD,2026-09-27,ok,Coinbase 현물,https://api.exchange.coinbase.com/products/BTC-USD/candles?granularity=86400,https://www.coinbase.com/price/bitcoin,
2026-09-28 09:48 KST,C.파생·가격,rsi14,"RSI(14, 일봉)",65.13,65.02,,2026-09-27,ok,Coinbase 현물,https://api.exchange.coinbase.com/products/BTC-USD/candles?granularity=86400,https://www.coinbase.com/price/bitcoin,70↑ 과매수 / 30↓ 과매도
2026-09-28 09:48 KST,C.파생·가격,price_7d_pct,BTC 7일 가격 변화율,4.07,3.92,%,2026-09-27,ok,Coinbase 현물,https://api.exchange.coinbase.com/products/BTC-USD/candles?granularity=86400,https://www.coinbase.com/price/bitcoin,
2026-09-28 09:48 KST,C.파생·가격,oi,선물 미결제약정(OI),3.11,3.12,십억$,2026-09-27,ok,OKX 선물,https://www.okx.com/api/v5/rubik/stat/contracts/open-interest-volume?ccy=BTC&period=1D,https://www.okx.com/trade-swap/btc-usdt-swap,
2026-09-28 09:48 KST,C.파생·가격,oi_7d_pct,OI 7일 변화율,-1.93,-3.07,%,2026-09-27,ok,OKX 선물,https://www.okx.com/api/v5/rubik/stat/contracts/open-interest-volume?ccy=BTC&period=1D,https://www.okx.com/trade-swap/btc-usdt-swap,달러 기준 OI라 가격 변동이 섞여 있음
2026-09-28 09:48 KST,C.파생·가격,ls_account,롱/숏 계정비율,1.25,1.21,배,2026-09-27,ok,OKX 선물,https://www.okx.com/api/v5/rubik/stat/contracts/long-short-account-ratio?ccy=BTC&period=1D,https://www.okx.com/trade-swap/btc-usdt-swap,1 초과면 롱 우위
2026-09-28 09:48 KST,C.파생·가격,ls_account_pct,롱/숏 계정비율 분포 위치,53.3,63.3,백분위,2026-09-27,ok,OKX 선물,https://www.okx.com/api/v5/rubik/stat/contracts/long-short-account-ratio?ccy=BTC&period=1D,https://www.okx.com/trade-swap/btc-usdt-swap,OKX 선물 최근 30일 분포 기준. 높을수록 롱 쏠림
2026-09-28 09:48 KST,C.파생·가격,funding,펀딩비(최근 1회),0.0046,-0.0011,%,2026-09-28 00:00 UTC,ok,OKX 선물,https://www.okx.com/api/v5/public/funding-rate-history?instId=BTC-USDT-SWAP&limit=6,https://www.okx.com/trade-swap/btc-usdt-swap,0.05%↑ 과열
2026-09-28 09:48 KST,C.파생·가격,funding_avg3,펀딩비 최근 3회 평균,0.0006,0.0002,%,2026-09-28 00:00 UTC,ok,OKX 선물,https://www.okx.com/api/v5/public/funding-rate-history?instId=BTC-USDT-SWAP&limit=6,https://www.okx.com/trade-swap/btc-usdt-swap,
2026-09-28 09:48 KST,C.파생·가격,dvol,DVOL(BTC 내재변동성),35.19,34.9,,2026-09-28 00:00 UTC,ok,Deribit,https://www.deribit.com/api/v2/public/get_volatility_index_data?currency=BTC&start_timestamp=1790297315602&end_timestamp=1790556515602&resolution=3600,https://www.deribit.com/statistics/BTC/volatility-index,
2026-09-28 09:48 KST,C.파생·가격,skew25,옵션 25델타 스큐(풋IV−콜IV),0.64,0.95,vol pt,2026-09-28 00:48 UTC,ok,Deribit,https://www.deribit.com/api/v2/public/get_instruments?currency=BTC&kind=option&expired=false,https://www.deribit.com/options/BTC,"만기 2026-10-30, 콜 BTC-30OCT26-91000-C / 풋 BTC-30OCT26-79000-P. 양수면 하방 헤지 수요 우위"
2026-09-28 09:48 KST,B.자금흐름,usdt_d,테더 도미넌스,6.383,6.324,%,2026-09-28 00:42 UTC,ok,CoinGecko,https://api.coingecko.com/api/v3/global,https://www.coingecko.com/en/global-charts,상승=위험회피 / TradingView USDT.D와 계산 방식 다름
2026-09-28 09:48 KST,B.자금흐름,total_mcap,전체 시가총액(TOTAL),2.8736,2.9035,조$,2026-09-28 00:42 UTC,ok,CoinGecko,https://api.coingecko.com/api/v3/global,https://www.coingecko.com/en/global-charts,
2026-09-28 09:48 KST,B.자금흐름,etf_total,BTC 현물 ETF 순유입(전체),134.5,190.6,백만$,2026-09-25,ok,TFTC (SoSoValue·Farside 집계),https://www.tftc.io/bitcoin-etf-flows/data.json,https://www.tftc.io/bitcoin-etf-flows,7거래일 연속 순유입 / 집계 기준일 2026-09-25
2026-09-28 09:48 KST,B.자금흐름,etf_ibit,IBIT(블랙록) 순유입,97.0,162.6,백만$,2026-09-25,ok,TFTC (SoSoValue·Farside 집계),https://www.tftc.io/bitcoin-etf-flows/data.json,https://www.tftc.io/bitcoin-etf-flows,
2026-09-28 09:48 KST,B.자금흐름,etf_5d_sum,ETF 5거래일 순유입 합계,2385.8,2385.8,백만$,2026-09-25,ok,TFTC (SoSoValue·Farside 집계),https://www.tftc.io/bitcoin-etf-flows/data.json,https://www.tftc.io/bitcoin-etf-flows,
2026-09-28 09:48 KST,B.자금흐름,etf_streak,ETF 연속일수(+유입/−유출),7,7,일,2026-09-25,ok,TFTC (SoSoValue·Farside 집계),https://www.tftc.io/bitcoin-etf-flows/data.json,https://www.tftc.io/bitcoin-etf-flows,
2026-09-28 09:48 KST,D.온체인,mvrv_z,MVRV Z-Score,0.9336,0.9372,,2026-09-21,ok,BGeometrics,https://bitcoin-data.com/v1/mvrv-zscore/last,https://charts.bgeometrics.com/,0 이하 역사적 매수구간 / 7 이상 과열
2026-09-28 09:48 KST,D.온체인,sth_mvrv,단기보유자 MVRV,1.2,1.13,,2026-09-21,ok,BGeometrics,https://bitcoin-data.com/v1/sth-mvrv/last,https://charts.bgeometrics.com/,
2026-09-28 09:48 KST,D.온체인,sth_rp,단기보유자 실현가(STH-RP),70258.0,74679.0,$,2026-09-21,ok,BGeometrics,https://bitcoin-data.com/v1/sth-mvrv/last,https://charts.bgeometrics.com/,가격 ÷ STH-MVRV로 계산 (가격 84309.0$). 가격이 위면 강세 유지
2026-09-28 09:48 KST,D.온체인,ex_in_btc,거래소 BTC 유입,11569.7,22970.3,BTC,2026-09-26,ok,Coin Metrics 커뮤니티,https://community-api.coinmetrics.io/v4/timeseries/asset-metrics?assets=btc&metrics=FlowInExNtv&frequency=1d&page_size=130&paging_from=end,https://charts.coinmetrics.io/crypto-data/,
2026-09-28 09:48 KST,D.온체인,ex_out_btc,거래소 BTC 유출,17514.6,30130.3,BTC,2026-09-26,ok,Coin Metrics 커뮤니티,https://community-api.coinmetrics.io/v4/timeseries/asset-metrics?assets=btc&metrics=FlowOutExNtv&frequency=1d&page_size=130&paging_from=end,https://charts.coinmetrics.io/crypto-data/,
2026-09-28 09:48 KST,D.온체인,ex_net_7d,거래소 순유입 7일 합,-51621.6,-47162.9,BTC,2026-09-26,ok,Coin Metrics 커뮤니티,https://community-api.coinmetrics.io/v4/timeseries/asset-metrics?assets=btc&metrics=FlowInExUSD&frequency=1d&page_size=130&paging_from=end,https://charts.coinmetrics.io/crypto-data/,
2026-09-28 09:48 KST,D.온체인,ex_net_7d_pct,거래소 순유입 7일 합 분포 위치,1.1,1.1,백분위,2026-09-26,ok,Coin Metrics 커뮤니티,https://community-api.coinmetrics.io/v4/timeseries/asset-metrics?assets=btc&metrics=FlowInExUSD&frequency=1d&page_size=130&paging_from=end,https://charts.coinmetrics.io/crypto-data/,최근 90일 분포 기준. 높을수록 매도 압력
2026-09-28 09:48 KST,D.온체인,ex_net_btc,거래소 BTC 순유입,-5944.9,-7160.0,BTC,2026-09-26,ok,Coin Metrics 커뮤니티,https://community-api.coinmetrics.io/v4/timeseries/asset-metrics?assets=btc&metrics=FlowInExNtv&frequency=1d&page_size=130&paging_from=end,https://charts.coinmetrics.io/crypto-data/,양수=매도 압력 / 음수=축적
2026-09-28 09:48 KST,D.온체인,ex_supply_30d_pct,거래소 보유량 30일 변화율,-0.55,-0.67,%,2026-09-26,ok,Coin Metrics 커뮤니티,https://community-api.coinmetrics.io/v4/timeseries/asset-metrics?assets=btc&metrics=SplyExNtv&frequency=1d&page_size=130&paging_from=end,https://charts.coinmetrics.io/crypto-data/,
2026-09-28 09:48 KST,D.온체인,ex_supply,거래소 BTC 보유량,2682221.0,2685119.0,BTC,2026-09-26,ok,Coin Metrics 커뮤니티,https://community-api.coinmetrics.io/v4/timeseries/asset-metrics?assets=btc&metrics=SplyExNtv&frequency=1d&page_size=130&paging_from=end,https://charts.coinmetrics.io/crypto-data/,
2026-09-28 09:48 KST,D.온체인,miner_to_ex,채굴자→거래소 유입,,,,,manual,수동 확인,,https://cryptoquant.com/asset/btc/chart/miner-flows,무료 소스 없음 → 수동 확인 목록 참고
2026-09-28 09:48 KST,D.온체인,whale_ratio_proxy,고래비율(근사),,,,,fail,Arkham + Coin Metrics,,https://intel.arkm.com/,Arkham 키 없음
2026-09-28 09:48 KST,Z.점수,score_ind_mvrv_z,점수: MVRV Z,1,,,2026-09-28,ok,점수 계산(coin_daily),,,MVRV Z 0.93
2026-09-28 09:48 KST,Z.점수,score_ind_sth,점수: 가격÷STH-RP,-1,,,2026-09-28,ok,점수 계산(coin_daily),,,가격÷STH-RP 1.200
2026-09-28 09:48 KST,Z.점수,score_ind_etf,점수: 현물 ETF 순유입,2,,,2026-09-28,ok,점수 계산(coin_daily),,,7거래일 연속 순유입
2026-09-28 09:48 KST,Z.점수,score_ind_ex_net,점수: 거래소 순유입(7일),2,,,2026-09-28,ok,점수 계산(coin_daily),,,7일 순유입 분포 1백분위
2026-09-28 09:48 KST,Z.점수,score_ind_ex_supply,점수: 거래소 보유량(30일),1,,,2026-09-28,ok,점수 계산(coin_daily),,,30일 -0.55% (±0.5% 미만은 0점)
2026-09-28 09:48 KST,Z.점수,score_ind_whale,점수: 고래비율(근사),,,,2026-09-28,fail,점수 계산(coin_daily),,,값 없음
2026-09-28 09:48 KST,Z.점수,score_ind_usdt_d,점수: 테더 도미넌스(7일),,,,2026-09-28,fail,점수 계산(coin_daily),,,7일 전 값 없음
2026-09-28 09:48 KST,Z.점수,score_ind_funding,점수: 펀딩비,1,,,2026-09-28,ok,점수 계산(coin_daily),,,3회 평균 0.0006%
2026-09-28 09:48 KST,Z.점수,score_ind_rsi,점수: RSI(14),-1,,,2026-09-28,ok,점수 계산(coin_daily),,,RSI 65.1
2026-09-28 09:48 KST,Z.점수,score_ind_ls,점수: 롱/숏 비율,0,,,2026-09-28,ok,점수 계산(coin_daily),,,롱/숏 분포 53백분위
2026-09-28 09:48 KST,Z.점수,score_ind_oi,점수: 미결제약정(OI),0,,,2026-09-28,ok,점수 계산(coin_daily),,,"OI 7일 -1.9%, 가격 +4.1%"
2026-09-28 09:48 KST,Z.점수,score_ind_skew,점수: 옵션 스큐,0,,,2026-09-28,ok,점수 계산(coin_daily),,,+0.64
2026-09-28 09:48 KST,Z.점수,score_ind_nasdaq,점수: 나스닥,1,,,2026-09-28,ok,점수 계산(coin_daily),,,50일선 위
2026-09-28 09:48 KST,Z.점수,score_ind_dxy,점수: DXY,-1,,,2026-09-28,ok,점수 계산(coin_daily),,,"100.97, 20일 +1.8% (상승)"
2026-09-28 09:48 KST,Z.점수,score_ind_usdjpy,점수: USD/JPY,0,,,2026-09-28,ok,점수 계산(coin_daily),,,157.75
2026-09-28 09:48 KST,Z.점수,score_ind_infl,점수: CPI·PCE,-1,,,2026-09-28,ok,점수 계산(coin_daily),,,둔화−재가속 합계 -1
2026-09-28 09:48 KST,Z.점수,score_ind_fomc,점수: 폴리마켓 금리인하,,,,2026-09-28,fail,점수 계산(coin_daily),,,FOMC 마켓 미설정 또는 값 없음
2026-09-28 09:48 KST,Z.점수,score_group_밸류에이션,그룹 점수: 밸류에이션,0.0,,,2026-09-28,ok,점수 계산(coin_daily),,,
2026-09-28 09:48 KST,Z.점수,score_group_수급,그룹 점수: 수급,83.3,,,2026-09-28,ok,점수 계산(coin_daily),,,
2026-09-28 09:48 KST,Z.점수,score_group_파생·심리,그룹 점수: 파생·심리,0.0,,,2026-09-28,ok,점수 계산(coin_daily),,,
2026-09-28 09:48 KST,Z.점수,score_group_매크로,그룹 점수: 매크로,-12.5,,,2026-09-28,ok,점수 계산(coin_daily),,,
2026-09-28 09:48 KST,Z.점수,score_total,총점,23.1,,,2026-09-28,ok,점수 계산(coin_daily),,,
2026-09-28 09:48 KST,Z.점수,score_avg3,3일 평균 총점,25.3,,,2026-09-28,ok,점수 계산(coin_daily),,,
2026-09-28 09:48 KST,Z.점수,score_coverage,판정 가능 비율,82.4,,,2026-09-28,ok,점수 계산(coin_daily),,,
2026-09-28 09:48 KST,Z.점수,judgment_raw,오늘 구간,매수,,,2026-09-28,ok,점수 계산(coin_daily),,,
2026-09-28 09:48 KST,Z.점수,judgment,판정,매수,,,2026-09-28,ok,점수 계산(coin_daily),,,
2026-09-28 09:48 KST,Z.점수,target,BTC 목표 비중(%),80,,,2026-09-28,ok,점수 계산(coin_daily),,,
2026-09-29 09:48 KST,A.매크로,nasdaq,나스닥 종합지수,26820.381,27068.721,pt,2026-09-28,ok,Yahoo Finance,yfinance:^IXIC,https://finance.yahoo.com/quote/%5EIXIC,
2026-09-29 09:48 KST,A.매크로,nasdaq_5d_pct,나스닥 5거래일 변화율,-1.11,2.06,%,2026-09-28,ok,Yahoo Finance,yfinance:^IXIC,https://finance.yahoo.com/quote/%5EIXIC,
2026-09-29 09:48 KST,A.매크로,nasdaq_ma50,나스닥 50일 이평,26195.53,26169.53,pt,2026-09-28,ok,Yahoo Finance,yfinance:^IXIC,https://finance.yahoo.com/quote/%5EIXIC,종가가 이평 위면 추세 양호
2026-09-29 09:48 KST,A.매크로,dxy,달러인덱스(DXY),101.241,100.97,pt,2026-09-28,ok,Yahoo Finance,yfinance:DX-Y.NYB,https://finance.yahoo.com/quote/DX-Y.NYB,
2026-09-29 09:48 KST,A.매크로,dxy_20d_pct,DXY 20거래일 변화율,1.55,1.83,%,2026-09-28,ok,Yahoo Finance,yfinance:DX-Y.NYB,https://finance.yahoo.com/quote/DX-Y.NYB,
2026-09-29 09:48 KST,A.매크로,usdjpy,USD/JPY,157.462,157.463,엔,2026-09-29,ok,Yahoo Finance,yfinance:JPY=X,https://finance.yahoo.com/quote/JPY%3DX,
2026-09-29 09:48 KST,A.매크로,usdjpy_5d_pct,USD/JPY 5거래일 변화율,0.06,0.45,%,2026-09-29,ok,Yahoo Finance,yfinance:JPY=X,https://finance.yahoo.com/quote/JPY%3DX,
2026-09-29 09:48 KST,A.매크로,cpi_yoy,CPI 전년비,3.71,3.54,%,2026-08-01,ok,FRED,https://api.stlouisfed.org/fred/series/observations?series_id=CPIAUCSL&api_key=***&file_type=json&sort_order=desc&limit=24,https://fred.stlouisfed.org/series/CPIAUCSL,FRED 갱신일 2026-09-11 (발표 후 30일 이내)
2026-09-29 09:48 KST,A.매크로,core_cpi_yoy,근원 CPI 전년비,2.76,2.79,%,2026-08-01,ok,FRED,https://api.stlouisfed.org/fred/series/observations?series_id=CPILFESL&api_key=***&file_type=json&sort_order=desc&limit=24,https://fred.stlouisfed.org/series/CPILFESL,FRED 갱신일 2026-09-11 (발표 후 30일 이내)
2026-09-29 09:48 KST,A.매크로,pce_yoy,PCE 전년비,3.7,3.72,%,2026-07-01,ok,FRED,https://api.stlouisfed.org/fred/series/observations?series_id=PCEPI&api_key=***&file_type=json&sort_order=desc&limit=24,https://fred.stlouisfed.org/series/PCEPI,FRED 갱신일 2026-08-26 (점수 미반영: 발표 후 30일 경과)
2026-09-29 09:48 KST,A.매크로,core_pce_yoy,근원 PCE 전년비,3.34,3.34,%,2026-07-01,ok,FRED,https://api.stlouisfed.org/fred/series/observations?series_id=PCEPILFE&api_key=***&file_type=json&sort_order=desc&limit=24,https://fred.stlouisfed.org/series/PCEPILFE,FRED 갱신일 2026-08-26 (점수 미반영: 발표 후 30일 경과)
2026-09-29 09:48 KST,A.매크로,infl_signal,인플레이션 방향 합계,-1,-1,,2026-09-29,ok,FRED,,https://fred.stlouisfed.org/,최근 발표 지표 중 전년비 둔화 +1 / 재가속 −1의 합
2026-09-29 09:48 KST,C.파생·가격,btc_close,BTC 일봉 종가,83456.74,84462.14,USD,2026-09-28,ok,Coinbase 현물,https://api.exchange.coinbase.com/products/BTC-USD/candles?granularity=86400,https://www.coinbase.com/price/bitcoin,
2026-09-29 09:48 KST,C.파생·가격,rsi14,"RSI(14, 일봉)",60.75,65.13,,2026-09-28,ok,Coinbase 현물,https://api.exchange.coinbase.com/products/BTC-USD/candles?granularity=86400,https://www.coinbase.com/price/bitcoin,70↑ 과매수 / 30↓ 과매도
2026-09-29 09:48 KST,C.파생·가격,price_7d_pct,BTC 7일 가격 변화율,-3.62,4.07,%,2026-09-28,ok,Coinbase 현물,https://api.exchange.coinbase.com/products/BTC-USD/candles?granularity=86400,https://www.coinbase.com/price/bitcoin,
2026-09-29 09:48 KST,C.파생·가격,oi,선물 미결제약정(OI),3.15,3.11,십억$,2026-09-28,ok,OKX 선물,https://www.okx.com/api/v5/rubik/stat/contracts/open-interest-volume?ccy=BTC&period=1D,https://www.okx.com/trade-swap/btc-usdt-swap,
2026-09-29 09:48 KST,C.파생·가격,oi_7d_pct,OI 7일 변화율,-7.14,-1.93,%,2026-09-28,ok,OKX 선물,https://www.okx.com/api/v5/rubik/stat/contracts/open-interest-volume?ccy=BTC&period=1D,https://www.okx.com/trade-swap/btc-usdt-swap,달러 기준 OI라 가격 변동이 섞여 있음
2026-09-29 09:48 KST,C.파생·가격,ls_account,롱/숏 계정비율,1.32,1.35,배,2026-09-28,ok,OKX 선물,https://www.okx.com/api/v5/rubik/stat/contracts/long-short-account-ratio?ccy=BTC&period=1D,https://www.okx.com/trade-swap/btc-usdt-swap,1 초과면 롱 우위
2026-09-29 09:48 KST,C.파생·가격,ls_account_pct,롱/숏 계정비율 분포 위치,66.7,53.3,백분위,2026-09-28,ok,OKX 선물,https://www.okx.com/api/v5/rubik/stat/contracts/long-short-account-ratio?ccy=BTC&period=1D,https://www.okx.com/trade-swap/btc-usdt-swap,OKX 선물 최근 30일 분포 기준. 높을수록 롱 쏠림
2026-09-29 09:48 KST,C.파생·가격,funding,펀딩비(최근 1회),0.0054,0.0071,%,2026-09-29 00:00 UTC,ok,OKX 선물,https://www.okx.com/api/v5/public/funding-rate-history?instId=BTC-USDT-SWAP&limit=6,https://www.okx.com/trade-swap/btc-usdt-swap,0.05%↑ 과열
2026-09-29 09:48 KST,C.파생·가격,funding_avg3,펀딩비 최근 3회 평균,0.0039,0.0006,%,2026-09-29 00:00 UTC,ok,OKX 선물,https://www.okx.com/api/v5/public/funding-rate-history?instId=BTC-USDT-SWAP&limit=6,https://www.okx.com/trade-swap/btc-usdt-swap,
2026-09-29 09:48 KST,C.파생·가격,dvol,DVOL(BTC 내재변동성),36.03,35.2,,2026-09-29 00:00 UTC,ok,Deribit,https://www.deribit.com/api/v2/public/get_volatility_index_data?currency=BTC&start_timestamp=1790383710453&end_timestamp=1790642910453&resolution=3600,https://www.deribit.com/statistics/BTC/volatility-index,
2026-09-29 09:48 KST,C.파생·가격,skew25,옵션 25델타 스큐(풋IV−콜IV),0.85,0.64,vol pt,2026-09-29 00:48 UTC,ok,Deribit,https://www.deribit.com/api/v2/public/get_instruments?currency=BTC&kind=option&expired=false,https://www.deribit.com/options/BTC,"만기 2026-10-30, 콜 BTC-30OCT26-90000-C / 풋 BTC-30OCT26-78000-P. 양수면 하방 헤지 수요 우위"
2026-09-29 09:48 KST,B.자금흐름,usdt_d,테더 도미넌스,6.38,6.383,%,2026-09-29 00:44 UTC,ok,CoinGecko,https://api.coingecko.com/api/v3/global,https://www.coingecko.com/en/global-charts,상승=위험회피 / TradingView USDT.D와 계산 방식 다름
2026-09-29 09:48 KST,B.자금흐름,total_mcap,전체 시가총액(TOTAL),2.8755,2.8736,조$,2026-09-29 00:44 UTC,ok,CoinGecko,https://api.coingecko.com/api/v3/global,https://www.coingecko.com/en/global-charts,
2026-09-29 09:48 KST,B.자금흐름,etf_total,BTC 현물 ETF 순유입(전체),134.5,190.6,백만$,2026-09-25,ok,TFTC (SoSoValue·Farside 집계),https://www.tftc.io/bitcoin-etf-flows/data.json,https://www.tftc.io/bitcoin-etf-flows,7거래일 연속 순유입 / 집계 기준일 2026-09-25
2026-09-29 09:48 KST,B.자금흐름,etf_ibit,IBIT(블랙록) 순유입,97.0,162.6,백만$,2026-09-25,ok,TFTC (SoSoValue·Farside 집계),https://www.tftc.io/bitcoin-etf-flows/data.json,https://www.tftc.io/bitcoin-etf-flows,
2026-09-29 09:48 KST,B.자금흐름,etf_5d_sum,ETF 5거래일 순유입 합계,2385.8,2385.8,백만$,2026-09-25,ok,TFTC (SoSoValue·Farside 집계),https://www.tftc.io/bitcoin-etf-flows/data.json,https://www.tftc.io/bitcoin-etf-flows,
2026-09-29 09:48 KST,B.자금흐름,etf_streak,ETF 연속일수(+유입/−유출),7,7,일,2026-09-25,ok,TFTC (SoSoValue·Farside 집계),https://www.tftc.io/bitcoin-etf-flows/data.json,https://www.tftc.io/bitcoin-etf-flows,
2026-09-29 09:48 KST,D.온체인,mvrv_z,MVRV Z-Score,1.11,0.9336,,2026-09-22,ok,BGeometrics,https://bitcoin-data.com/v1/mvrv-zscore/last,https://charts.bgeometrics.com/,0 이하 역사적 매수구간 / 7 이상 과열
2026-09-29 09:48 KST,D.온체인,sth_mvrv,단기보유자 MVRV,1.19,1.2,,2026-09-22,ok,BGeometrics,https://bitcoin-data.com/v1/sth-mvrv/last,https://charts.bgeometrics.com/,
2026-09-29 09:48 KST,D.온체인,sth_rp,단기보유자 실현가(STH-RP),70184.0,70258.0,$,2026-09-22,ok,BGeometrics,https://bitcoin-data.com/v1/sth-mvrv/last,https://charts.bgeometrics.com/,가격 ÷ STH-MVRV로 계산 (가격 83519.0$). 가격이 위면 강세 유지
2026-09-29 09:48 KST,D.온체인,ex_in_btc,거래소 BTC 유입,12578.8,11569.7,BTC,2026-09-27,ok,Coin Metrics 커뮤니티,https://community-api.coinmetrics.io/v4/timeseries/asset-metrics?assets=btc&metrics=FlowInExNtv&frequency=1d&page_size=130&paging_from=end,https://charts.coinmetrics.io/crypto-data/,
2026-09-29 09:48 KST,D.온체인,ex_out_btc,거래소 BTC 유출,16041.3,17514.6,BTC,2026-09-27,ok,Coin Metrics 커뮤니티,https://community-api.coinmetrics.io/v4/timeseries/asset-metrics?assets=btc&metrics=FlowOutExNtv&frequency=1d&page_size=130&paging_from=end,https://charts.coinmetrics.io/crypto-data/,
2026-09-29 09:48 KST,D.온체인,ex_net_7d,거래소 순유입 7일 합,-55059.4,-51621.6,BTC,2026-09-27,ok,Coin Metrics 커뮤니티,https://community-api.coinmetrics.io/v4/timeseries/asset-metrics?assets=btc&metrics=FlowInExUSD&frequency=1d&page_size=130&paging_from=end,https://charts.coinmetrics.io/crypto-data/,
2026-09-29 09:48 KST,D.온체인,ex_net_7d_pct,거래소 순유입 7일 합 분포 위치,1.1,1.1,백분위,2026-09-27,ok,Coin Metrics 커뮤니티,https://community-api.coinmetrics.io/v4/timeseries/asset-metrics?assets=btc&metrics=FlowInExUSD&frequency=1d&page_size=130&paging_from=end,https://charts.coinmetrics.io/crypto-data/,최근 90일 분포 기준. 높을수록 매도 압력
2026-09-29 09:48 KST,D.온체인,ex_net_btc,거래소 BTC 순유입,-3462.5,-5944.9,BTC,2026-09-27,ok,Coin Metrics 커뮤니티,https://community-api.coinmetrics.io/v4/timeseries/asset-metrics?assets=btc&metrics=FlowInExNtv&frequency=1d&page_size=130&paging_from=end,https://charts.coinmetrics.io/crypto-data/,양수=매도 압력 / 음수=축적
2026-09-29 09:48 KST,D.온체인,ex_supply_30d_pct,거래소 보유량 30일 변화율,-0.72,-0.55,%,2026-09-27,ok,Coin Metrics 커뮤니티,https://community-api.coinmetrics.io/v4/timeseries/asset-metrics?assets=btc&metrics=SplyExNtv&frequency=1d&page_size=130&paging_from=end,https://charts.coinmetrics.io/crypto-data/,
2026-09-29 09:48 KST,D.온체인,ex_supply,거래소 BTC 보유량,2682330.0,2682221.0,BTC,2026-09-27,ok,Coin Metrics 커뮤니티,https://community-api.coinmetrics.io/v4/timeseries/asset-metrics?assets=btc&metrics=SplyExNtv&frequency=1d&page_size=130&paging_from=end,https://charts.coinmetrics.io/crypto-data/,
2026-09-29 09:48 KST,D.온체인,miner_to_ex,채굴자→거래소 유입,,,,,manual,수동 확인,,https://cryptoquant.com/asset/btc/chart/miner-flows,무료 소스 없음 → 수동 확인 목록 참고
2026-09-29 09:48 KST,D.온체인,whale_ratio_proxy,고래비율(근사),,,,,fail,Arkham + Coin Metrics,,https://intel.arkm.com/,Arkham 키 없음
2026-09-29 09:48 KST,Z.점수,score_ind_mvrv_z,점수: MVRV Z,0,,,2026-09-29,ok,점수 계산(coin_daily),,,MVRV Z 1.11
2026-09-29 09:48 KST,Z.점수,score_ind_sth,점수: 가격÷STH-RP,-1,,,2026-09-29,ok,점수 계산(coin_daily),,,가격÷STH-RP 1.190
2026-09-29 09:48 KST,Z.점수,score_ind_etf,점수: 현물 ETF 순유입,2,,,2026-09-29,ok,점수 계산(coin_daily),,,7거래일 연속 순유입
2026-09-29 09:48 KST,Z.점수,score_ind_ex_net,점수: 거래소 순유입(7일),2,,,2026-09-29,ok,점수 계산(coin_daily),,,7일 순유입 분포 1백분위
2026-09-29 09:48 KST,Z.점수,score_ind_ex_supply,점수: 거래소 보유량(30일),1,,,2026-09-29,ok,점수 계산(coin_daily),,,30일 -0.72% (±0.5% 미만은 0점)
2026-09-29 09:48 KST,Z.점수,score_ind_whale,점수: 고래비율(근사),,,,2026-09-29,fail,점수 계산(coin_daily),,,값 없음
2026-09-29 09:48 KST,Z.점수,score_ind_usdt_d,점수: 테더 도미넌스(7일),,,,2026-09-29,fail,점수 계산(coin_daily),,,7일 전 값 없음
2026-09-29 09:48 KST,Z.점수,score_ind_funding,점수: 펀딩비,1,,,2026-09-29,ok,점수 계산(coin_daily),,,3회 평균 0.0039%
2026-09-29 09:48 KST,Z.점수,score_ind_rsi,점수: RSI(14),-1,,,2026-09-29,ok,점수 계산(coin_daily),,,RSI 60.8
2026-09-29 09:48 KST,Z.점수,score_ind_ls,점수: 롱/숏 비율,0,,,2026-09-29,ok,점수 계산(coin_daily),,,롱/숏 분포 67백분위
2026-09-29 09:48 KST,Z.점수,score_ind_oi,점수: 미결제약정(OI),1,,,2026-09-29,ok,점수 계산(coin_daily),,,"OI 7일 -7.1%, 가격 -3.6% (레버리지 정리)"
2026-09-29 09:48 KST,Z.점수,score_ind_skew,점수: 옵션 스큐,-1,,,2026-09-29,ok,점수 계산(coin_daily),,,"+0.85 (풋 우위 확대, 전일 +0.64)"
2026-09-29 09:48 KST,Z.점수,score_ind_nasdaq,점수: 나스닥,1,,,2026-09-29,ok,점수 계산(coin_daily),,,50일선 위
2026-09-29 09:48 KST,Z.점수,score_ind_dxy,점수: DXY,-1,,,2026-09-29,ok,점수 계산(coin_daily),,,"101.24, 20일 +1.6% (상승)"
2026-09-29 09:48 KST,Z.점수,score_ind_usdjpy,점수: USD/JPY,0,,,2026-09-29,ok,점수 계산(coin_daily),,,157.46
2026-09-29 09:48 KST,Z.점수,score_ind_infl,점수: CPI·PCE,-1,,,2026-09-29,ok,점수 계산(coin_daily),,,둔화−재가속 합계 -1
2026-09-29 09:48 KST,Z.점수,score_ind_fomc,점수: 폴리마켓 금리인하,,,,2026-09-29,fail,점수 계산(coin_daily),,,FOMC 마켓 미설정 또는 값 없음
2026-09-29 09:48 KST,Z.점수,score_group_밸류에이션,그룹 점수: 밸류에이션,-25.0,,,2026-09-29,ok,점수 계산(coin_daily),,,
2026-09-29 09:48 KST,Z.점수,score_group_수급,그룹 점수: 수급,83.3,,,2026-09-29,ok,점수 계산(coin_daily),,,
2026-09-29 09:48 KST,Z.점수,score_group_파생·심리,그룹 점수: 파생·심리,0.0,,,2026-09-29,ok,점수 계산(coin_daily),,,
2026-09-29 09:48 KST,Z.점수,score_group_매크로,그룹 점수: 매크로,-12.5,,,2026-09-29,ok,점수 계산(coin_daily),,,
2026-09-29 09:48 KST,Z.점수,score_total,총점,16.9,,,2026-09-29,ok,점수 계산(coin_daily),,,
2026-09-29 09:48 KST,Z.점수,score_avg3,3일 평균 총점,22.1,,,2026-09-29,ok,점수 계산(coin_daily),,,
2026-09-29 09:48 KST,Z.점수,score_coverage,판정 가능 비율,82.4,,,2026-09-29,ok,점수 계산(coin_daily),,,
2026-09-29 09:48 KST,Z.점수,judgment_raw,오늘 구간,매수,,,2026-09-29,ok,점수 계산(coin_daily),,,
2026-09-29 09:48 KST,Z.점수,judgment,판정,매수,,,2026-09-29,ok,점수 계산(coin_daily),,,
2026-09-29 09:48 KST,Z.점수,target,BTC 목표 비중(%),80,,,2026-09-29,ok,점수 계산(coin_daily),,,
2026-09-30 09:50 KST,A.매크로,nasdaq,나스닥 종합지수,26797.541,26820.381,pt,2026-09-29,ok,Yahoo Finance,yfinance:^IXIC,https://finance.yahoo.com/quote/%5EIXIC,
2026-09-30 09:50 KST,A.매크로,nasdaq_5d_pct,나스닥 5거래일 변화율,-1.64,-1.11,%,2026-09-29,ok,Yahoo Finance,yfinance:^IXIC,https://finance.yahoo.com/quote/%5EIXIC,
2026-09-30 09:50 KST,A.매크로,nasdaq_ma50,나스닥 50일 이평,26221.32,26195.53,pt,2026-09-29,ok,Yahoo Finance,yfinance:^IXIC,https://finance.yahoo.com/quote/%5EIXIC,종가가 이평 위면 추세 양호
2026-09-30 09:50 KST,A.매크로,dxy,달러인덱스(DXY),101.406,101.2,pt,2026-09-29,ok,Yahoo Finance,yfinance:DX-Y.NYB,https://finance.yahoo.com/quote/DX-Y.NYB,
2026-09-30 09:50 KST,A.매크로,dxy_20d_pct,DXY 20거래일 변화율,1.99,1.55,%,2026-09-29,ok,Yahoo Finance,yfinance:DX-Y.NYB,https://finance.yahoo.com/quote/DX-Y.NYB,
2026-09-30 09:50 KST,A.매크로,usdjpy,USD/JPY,157.33,157.361,엔,2026-09-30,ok,Yahoo Finance,yfinance:JPY=X,https://finance.yahoo.com/quote/JPY%3DX,
2026-09-30 09:50 KST,A.매크로,usdjpy_5d_pct,USD/JPY 5거래일 변화율,-0.09,0.06,%,2026-09-30,ok,Yahoo Finance,yfinance:JPY=X,https://finance.yahoo.com/quote/JPY%3DX,
2026-09-30 09:50 KST,A.매크로,cpi_yoy,CPI 전년비,3.71,3.54,%,2026-08-01,ok,FRED,https://api.stlouisfed.org/fred/series/observations?series_id=CPIAUCSL&api_key=***&file_type=json&sort_order=desc&limit=24,https://fred.stlouisfed.org/series/CPIAUCSL,FRED 갱신일 2026-09-11 (발표 후 30일 이내)
2026-09-30 09:50 KST,A.매크로,core_cpi_yoy,근원 CPI 전년비,2.76,2.79,%,2026-08-01,ok,FRED,https://api.stlouisfed.org/fred/series/observations?series_id=CPILFESL&api_key=***&file_type=json&sort_order=desc&limit=24,https://fred.stlouisfed.org/series/CPILFESL,FRED 갱신일 2026-09-11 (발표 후 30일 이내)
2026-09-30 09:50 KST,A.매크로,pce_yoy,PCE 전년비,3.7,3.72,%,2026-07-01,ok,FRED,https://api.stlouisfed.org/fred/series/observations?series_id=PCEPI&api_key=***&file_type=json&sort_order=desc&limit=24,https://fred.stlouisfed.org/series/PCEPI,FRED 갱신일 2026-08-26 (점수 미반영: 발표 후 30일 경과)
2026-09-30 09:50 KST,A.매크로,core_pce_yoy,근원 PCE 전년비,3.34,3.34,%,2026-07-01,ok,FRED,https://api.stlouisfed.org/fred/series/observations?series_id=PCEPILFE&api_key=***&file_type=json&sort_order=desc&limit=24,https://fred.stlouisfed.org/series/PCEPILFE,FRED 갱신일 2026-08-26 (점수 미반영: 발표 후 30일 경과)
2026-09-30 09:50 KST,A.매크로,infl_signal,인플레이션 방향 합계,-1,-1,,2026-09-30,ok,FRED,,https://fred.stlouisfed.org/,최근 발표 지표 중 전년비 둔화 +1 / 재가속 −1의 합
2026-09-30 09:50 KST,C.파생·가격,btc_close,BTC 일봉 종가,83638.42,83456.74,USD,2026-09-29,ok,Coinbase 현물,https://api.exchange.coinbase.com/products/BTC-USD/candles?granularity=86400,https://www.coinbase.com/price/bitcoin,
2026-09-30 09:50 KST,C.파생·가격,rsi14,"RSI(14, 일봉)",61.26,60.75,,2026-09-29,ok,Coinbase 현물,https://api.exchange.coinbase.com/products/BTC-USD/candles?granularity=86400,https://www.coinbase.com/price/bitcoin,70↑ 과매수 / 30↓ 과매도
2026-09-30 09:50 KST,C.파생·가격,price_7d_pct,BTC 7일 가격 변화율,-2.97,-3.62,%,2026-09-29,ok,Coinbase 현물,https://api.exchange.coinbase.com/products/BTC-USD/candles?granularity=86400,https://www.coinbase.com/price/bitcoin,
2026-09-30 09:50 KST,C.파생·가격,oi,선물 미결제약정(OI),3.09,3.15,십억$,2026-09-29,ok,OKX 선물,https://www.okx.com/api/v5/rubik/stat/contracts/open-interest-volume?ccy=BTC&period=1D,https://www.okx.com/trade-swap/btc-usdt-swap,
2026-09-30 09:50 KST,C.파생·가격,oi_7d_pct,OI 7일 변화율,-9.17,-7.14,%,2026-09-29,ok,OKX 선물,https://www.okx.com/api/v5/rubik/stat/contracts/open-interest-volume?ccy=BTC&period=1D,https://www.okx.com/trade-swap/btc-usdt-swap,달러 기준 OI라 가격 변동이 섞여 있음
2026-09-30 09:50 KST,C.파생·가격,ls_account,롱/숏 계정비율,1.42,1.38,배,2026-09-29,ok,OKX 선물,https://www.okx.com/api/v5/rubik/stat/contracts/long-short-account-ratio?ccy=BTC&period=1D,https://www.okx.com/trade-swap/btc-usdt-swap,1 초과면 롱 우위
2026-09-30 09:50 KST,C.파생·가격,ls_account_pct,롱/숏 계정비율 분포 위치,76.7,66.7,백분위,2026-09-29,ok,OKX 선물,https://www.okx.com/api/v5/rubik/stat/contracts/long-short-account-ratio?ccy=BTC&period=1D,https://www.okx.com/trade-swap/btc-usdt-swap,OKX 선물 최근 30일 분포 기준. 높을수록 롱 쏠림
2026-09-30 09:50 KST,C.파생·가격,funding,펀딩비(최근 1회),0.01,0.0033,%,2026-09-30 00:00 UTC,ok,OKX 선물,https://www.okx.com/api/v5/public/funding-rate-history?instId=BTC-USDT-SWAP&limit=6,https://www.okx.com/trade-swap/btc-usdt-swap,0.05%↑ 과열
2026-09-30 09:50 KST,C.파생·가격,funding_avg3,펀딩비 최근 3회 평균,0.0053,0.0039,%,2026-09-30 00:00 UTC,ok,OKX 선물,https://www.okx.com/api/v5/public/funding-rate-history?instId=BTC-USDT-SWAP&limit=6,https://www.okx.com/trade-swap/btc-usdt-swap,
2026-09-30 09:50 KST,C.파생·가격,dvol,DVOL(BTC 내재변동성),35.22,36.03,,2026-09-30 00:00 UTC,ok,Deribit,https://www.deribit.com/api/v2/public/get_volatility_index_data?currency=BTC&start_timestamp=1790470217433&end_timestamp=1790729417433&resolution=3600,https://www.deribit.com/statistics/BTC/volatility-index,
2026-09-30 09:50 KST,C.파생·가격,skew25,옵션 25델타 스큐(풋IV−콜IV),0.05,0.85,vol pt,2026-09-30 00:50 UTC,ok,Deribit,https://www.deribit.com/api/v2/public/get_instruments?currency=BTC&kind=option&expired=false,https://www.deribit.com/options/BTC,"만기 2026-10-30, 콜 BTC-30OCT26-90000-C / 풋 BTC-30OCT26-79000-P. 양수면 하방 헤지 수요 우위"
2026-09-30 09:50 KST,B.자금흐름,usdt_d,테더 도미넌스,6.398,6.38,%,2026-09-30 00:46 UTC,ok,CoinGecko,https://api.coingecko.com/api/v3/global,https://www.coingecko.com/en/global-charts,상승=위험회피 / TradingView USDT.D와 계산 방식 다름
2026-09-30 09:50 KST,B.자금흐름,total_mcap,전체 시가총액(TOTAL),2.8663,2.8755,조$,2026-09-30 00:46 UTC,ok,CoinGecko,https://api.coingecko.com/api/v3/global,https://www.coingecko.com/en/global-charts,
2026-09-30 09:50 KST,B.자금흐름,etf_total,BTC 현물 ETF 순유입(전체),31.1,134.5,백만$,2026-09-28,ok,TFTC (SoSoValue·Farside 집계),https://www.tftc.io/bitcoin-etf-flows/data.json,https://www.tftc.io/bitcoin-etf-flows,8거래일 연속 순유입 / 집계 기준일 2026-09-28
2026-09-30 09:50 KST,B.자금흐름,etf_ibit,IBIT(블랙록) 순유입,54.8,97.0,백만$,2026-09-28,ok,TFTC (SoSoValue·Farside 집계),https://www.tftc.io/bitcoin-etf-flows/data.json,https://www.tftc.io/bitcoin-etf-flows,
2026-09-30 09:50 KST,B.자금흐름,etf_5d_sum,ETF 5거래일 순유입 합계,1417.9,2385.8,백만$,2026-09-28,ok,TFTC (SoSoValue·Farside 집계),https://www.tftc.io/bitcoin-etf-flows/data.json,https://www.tftc.io/bitcoin-etf-flows,
2026-09-30 09:50 KST,B.자금흐름,etf_streak,ETF 연속일수(+유입/−유출),8,7,일,2026-09-28,ok,TFTC (SoSoValue·Farside 집계),https://www.tftc.io/bitcoin-etf-flows/data.json,https://www.tftc.io/bitcoin-etf-flows,
2026-09-30 09:50 KST,D.온체인,mvrv_z,MVRV Z-Score,1.0948,1.11,,2026-09-23,ok,BGeometrics,https://bitcoin-data.com/v1/mvrv-zscore/last,https://charts.bgeometrics.com/,0 이하 역사적 매수구간 / 7 이상 과열
2026-09-30 09:50 KST,D.온체인,sth_mvrv,단기보유자 MVRV,1.16,1.19,,2026-09-23,ok,BGeometrics,https://bitcoin-data.com/v1/sth-mvrv/last,https://charts.bgeometrics.com/,
2026-09-30 09:50 KST,D.온체인,sth_rp,단기보유자 실현가(STH-RP),72239.0,70184.0,$,2026-09-23,ok,BGeometrics,https://bitcoin-data.com/v1/sth-mvrv/last,https://charts.bgeometrics.com/,가격 ÷ STH-MVRV로 계산 (가격 83798.0$). 가격이 위면 강세 유지
2026-09-30 09:50 KST,D.온체인,ex_in_btc,거래소 BTC 유입,28047.1,12578.8,BTC,2026-09-28,ok,Coin Metrics 커뮤니티,https://community-api.coinmetrics.io/v4/timeseries/asset-metrics?assets=btc&metrics=FlowInExNtv&frequency=1d&page_size=130&paging_from=end,https://charts.coinmetrics.io/crypto-data/,
2026-09-30 09:50 KST,D.온체인,ex_out_btc,거래소 BTC 유출,30287.7,16041.3,BTC,2026-09-28,ok,Coin Metrics 커뮤니티,https://community-api.coinmetrics.io/v4/timeseries/asset-metrics?assets=btc&metrics=FlowOutExNtv&frequency=1d&page_size=130&paging_from=end,https://charts.coinmetrics.io/crypto-data/,
2026-09-30 09:50 KST,D.온체인,ex_net_7d,거래소 순유입 7일 합,-53433.0,-55059.4,BTC,2026-09-28,ok,Coin Metrics 커뮤니티,https://community-api.coinmetrics.io/v4/timeseries/asset-metrics?assets=btc&metrics=FlowInExUSD&frequency=1d&page_size=130&paging_from=end,https://charts.coinmetrics.io/crypto-data/,
2026-09-30 09:50 KST,D.온체인,ex_net_7d_pct,거래소 순유입 7일 합 분포 위치,2.2,1.1,백분위,2026-09-28,ok,Coin Metrics 커뮤니티,https://community-api.coinmetrics.io/v4/timeseries/asset-metrics?assets=btc&metrics=FlowInExUSD&frequency=1d&page_size=130&paging_from=end,https://charts.coinmetrics.io/crypto-data/,최근 90일 분포 기준. 높을수록 매도 압력
2026-09-30 09:50 KST,D.온체인,ex_net_btc,거래소 BTC 순유입,-2240.5,-3462.5,BTC,2026-09-28,ok,Coin Metrics 커뮤니티,https://community-api.coinmetrics.io/v4/timeseries/asset-metrics?assets=btc&metrics=FlowInExNtv&frequency=1d&page_size=130&paging_from=end,https://charts.coinmetrics.io/crypto-data/,양수=매도 압력 / 음수=축적
2026-09-30 09:50 KST,D.온체인,ex_supply_30d_pct,거래소 보유량 30일 변화율,-0.78,-0.72,%,2026-09-28,ok,Coin Metrics 커뮤니티,https://community-api.coinmetrics.io/v4/timeseries/asset-metrics?assets=btc&metrics=SplyExNtv&frequency=1d&page_size=130&paging_from=end,https://charts.coinmetrics.io/crypto-data/,
2026-09-30 09:50 KST,D.온체인,ex_supply,거래소 BTC 보유량,2683692.0,2682330.0,BTC,2026-09-28,ok,Coin Metrics 커뮤니티,https://community-api.coinmetrics.io/v4/timeseries/asset-metrics?assets=btc&metrics=SplyExNtv&frequency=1d&page_size=130&paging_from=end,https://charts.coinmetrics.io/crypto-data/,
2026-09-30 09:50 KST,D.온체인,miner_to_ex,채굴자→거래소 유입,,,,,manual,수동 확인,,https://cryptoquant.com/asset/btc/chart/miner-flows,무료 소스 없음 → 수동 확인 목록 참고
2026-09-30 09:50 KST,D.온체인,whale_ratio_proxy,고래비율(근사),,,,,fail,Arkham + Coin Metrics,,https://intel.arkm.com/,Arkham 키 없음
2026-09-30 09:50 KST,Z.점수,score_ind_mvrv_z,점수: MVRV Z,0,,,2026-09-30,ok,점수 계산(coin_daily),,,MVRV Z 1.09
2026-09-30 09:50 KST,Z.점수,score_ind_sth,점수: 가격÷STH-RP,-1,,,2026-09-30,ok,점수 계산(coin_daily),,,가격÷STH-RP 1.160
2026-09-30 09:50 KST,Z.점수,score_ind_etf,점수: 현물 ETF 순유입,2,,,2026-09-30,ok,점수 계산(coin_daily),,,8거래일 연속 순유입
2026-09-30 09:50 KST,Z.점수,score_ind_ex_net,점수: 거래소 순유입(7일),2,,,2026-09-30,ok,점수 계산(coin_daily),,,7일 순유입 분포 2백분위
2026-09-30 09:50 KST,Z.점수,score_ind_ex_supply,점수: 거래소 보유량(30일),1,,,2026-09-30,ok,점수 계산(coin_daily),,,30일 -0.78% (±0.5% 미만은 0점)
2026-09-30 09:50 KST,Z.점수,score_ind_whale,점수: 고래비율(근사),,,,2026-09-30,fail,점수 계산(coin_daily),,,값 없음
2026-09-30 09:50 KST,Z.점수,score_ind_usdt_d,점수: 테더 도미넌스(7일),-1,,,2026-09-30,ok,점수 계산(coin_daily),,,7일 +3.1% (±3% 미만은 0점)
2026-09-30 09:50 KST,Z.점수,score_ind_funding,점수: 펀딩비,1,,,2026-09-30,ok,점수 계산(coin_daily),,,3회 평균 0.0053%
2026-09-30 09:50 KST,Z.점수,score_ind_rsi,점수: RSI(14),-1,,,2026-09-30,ok,점수 계산(coin_daily),,,RSI 61.3
2026-09-30 09:50 KST,Z.점수,score_ind_ls,점수: 롱/숏 비율,-1,,,2026-09-30,ok,점수 계산(coin_daily),,,롱/숏 분포 77백분위
2026-09-30 09:50 KST,Z.점수,score_ind_oi,점수: 미결제약정(OI),1,,,2026-09-30,ok,점수 계산(coin_daily),,,"OI 7일 -9.2%, 가격 -3.0% (레버리지 정리)"
2026-09-30 09:50 KST,Z.점수,score_ind_skew,점수: 옵션 스큐,0,,,2026-09-30,ok,점수 계산(coin_daily),,,+0.05
2026-09-30 09:50 KST,Z.점수,score_ind_nasdaq,점수: 나스닥,1,,,2026-09-30,ok,점수 계산(coin_daily),,,50일선 위
2026-09-30 09:50 KST,Z.점수,score_ind_dxy,점수: DXY,-1,,,2026-09-30,ok,점수 계산(coin_daily),,,"101.41, 20일 +2.0% (상승)"
2026-09-30 09:50 KST,Z.점수,score_ind_usdjpy,점수: USD/JPY,0,,,2026-09-30,ok,점수 계산(coin_daily),,,157.33
2026-09-30 09:50 KST,Z.점수,score_ind_infl,점수: CPI·PCE,-1,,,2026-09-30,ok,점수 계산(coin_daily),,,둔화−재가속 합계 -1
2026-09-30 09:50 KST,Z.점수,score_ind_fomc,점수: 폴리마켓 금리인하,,,,2026-09-30,fail,점수 계산(coin_daily),,,FOMC 마켓 미설정 또는 값 없음
2026-09-30 09:50 KST,Z.점수,score_group_밸류에이션,그룹 점수: 밸류에이션,-25.0,,,2026-09-30,ok,점수 계산(coin_daily),,,
2026-09-30 09:50 KST,Z.점수,score_group_수급,그룹 점수: 수급,50.0,,,2026-09-30,ok,점수 계산(coin_daily),,,
2026-09-30 09:50 KST,Z.점수,score_group_파생·심리,그룹 점수: 파생·심리,0.0,,,2026-09-30,ok,점수 계산(coin_daily),,,
2026-09-30 09:50 KST,Z.점수,score_group_매크로,그룹 점수: 매크로,-12.5,,,2026-09-30,ok,점수 계산(coin_daily),,,
2026-09-30 09:50 KST,Z.점수,score_total,총점,6.9,,,2026-09-30,ok,점수 계산(coin_daily),,,
2026-09-30 09:50 KST,Z.점수,score_avg3,3일 평균 총점,15.6,,,2026-09-30,ok,점수 계산(coin_daily),,,
2026-09-30 09:50 KST,Z.점수,score_coverage,판정 가능 비율,88.2,,,2026-09-30,ok,점수 계산(coin_daily),,,
2026-09-30 09:50 KST,Z.점수,judgment_raw,오늘 구간,중립,,,2026-09-30,ok,점수 계산(coin_daily),,,
2026-09-30 09:50 KST,Z.점수,judgment,판정,매수,,,2026-09-30,ok,점수 계산(coin_daily),,,"오늘 구간 '중립'는 첫날 → 내일도 같으면 변경, 오늘은 '매수' 유지"
2026-09-30 09:50 KST,Z.점수,target,BTC 목표 비중(%),80,,,2026-09-30,ok,점수 계산(coin_daily),,,
2026-10-01 09:50 KST,A.매크로,nasdaq,나스닥 종합지수,26861.064,26797.539,pt,2026-09-30,ok,Yahoo Finance,yfinance:^IXIC,https://finance.yahoo.com/quote/%5EIXIC,
2026-10-01 09:50 KST,A.매크로,nasdaq_5d_pct,나스닥 5거래일 변화율,-0.28,-1.64,%,2026-09-30,ok,Yahoo Finance,yfinance:^IXIC,https://finance.yahoo.com/quote/%5EIXIC,
2026-10-01 09:50 KST,A.매크로,nasdaq_ma50,나스닥 50일 이평,26241.79,26221.32,pt,2026-09-30,ok,Yahoo Finance,yfinance:^IXIC,https://finance.yahoo.com/quote/%5EIXIC,종가가 이평 위면 추세 양호
2026-10-01 09:50 KST,A.매크로,dxy,달러인덱스(DXY),101.493,101.37,pt,2026-09-30,ok,Yahoo Finance,yfinance:DX-Y.NYB,https://finance.yahoo.com/quote/DX-Y.NYB,
2026-10-01 09:50 KST,A.매크로,dxy_20d_pct,DXY 20거래일 변화율,1.83,1.99,%,2026-09-30,ok,Yahoo Finance,yfinance:DX-Y.NYB,https://finance.yahoo.com/quote/DX-Y.NYB,
2026-10-01 09:50 KST,A.매크로,usdjpy,USD/JPY,157.796,157.404,엔,2026-10-01,ok,Yahoo Finance,yfinance:JPY=X,https://finance.yahoo.com/quote/JPY%3DX,
2026-10-01 09:50 KST,A.매크로,usdjpy_5d_pct,USD/JPY 5거래일 변화율,-0.3,-0.09,%,2026-10-01,ok,Yahoo Finance,yfinance:JPY=X,https://finance.yahoo.com/quote/JPY%3DX,
2026-10-01 09:50 KST,A.매크로,cpi_yoy,CPI 전년비,3.71,3.54,%,2026-08-01,ok,FRED,https://api.stlouisfed.org/fred/series/observations?series_id=CPIAUCSL&api_key=***&file_type=json&sort_order=desc&limit=24,https://fred.stlouisfed.org/series/CPIAUCSL,FRED 갱신일 2026-09-11 (발표 후 30일 이내)
2026-10-01 09:50 KST,A.매크로,core_cpi_yoy,근원 CPI 전년비,2.76,2.79,%,2026-08-01,ok,FRED,https://api.stlouisfed.org/fred/series/observations?series_id=CPILFESL&api_key=***&file_type=json&sort_order=desc&limit=24,https://fred.stlouisfed.org/series/CPILFESL,FRED 갱신일 2026-09-11 (발표 후 30일 이내)
2026-10-01 09:50 KST,A.매크로,pce_yoy,PCE 전년비,3.42,3.36,%,2026-08-01,ok,FRED,https://api.stlouisfed.org/fred/series/observations?series_id=PCEPI&api_key=***&file_type=json&sort_order=desc&limit=24,https://fred.stlouisfed.org/series/PCEPI,FRED 갱신일 2026-09-30 (발표 후 30일 이내)
2026-10-01 09:50 KST,A.매크로,core_pce_yoy,근원 PCE 전년비,3.01,2.98,%,2026-08-01,ok,FRED,https://api.stlouisfed.org/fred/series/observations?series_id=PCEPILFE&api_key=***&file_type=json&sort_order=desc&limit=24,https://fred.stlouisfed.org/series/PCEPILFE,FRED 갱신일 2026-09-30 (발표 후 30일 이내)
2026-10-01 09:50 KST,A.매크로,infl_signal,인플레이션 방향 합계,-2,-1,,2026-10-01,ok,FRED,,https://fred.stlouisfed.org/,최근 발표 지표 중 전년비 둔화 +1 / 재가속 −1의 합
2026-10-01 09:50 KST,C.파생·가격,btc_close,BTC 일봉 종가,83556.14,83638.42,USD,2026-09-30,ok,Coinbase 현물,https://api.exchange.coinbase.com/products/BTC-USD/candles?granularity=86400,https://www.coinbase.com/price/bitcoin,
2026-10-01 09:50 KST,C.파생·가격,rsi14,"RSI(14, 일봉)",60.87,61.26,,2026-09-30,ok,Coinbase 현물,https://api.exchange.coinbase.com/products/BTC-USD/candles?granularity=86400,https://www.coinbase.com/price/bitcoin,70↑ 과매수 / 30↓ 과매도
2026-10-01 09:50 KST,C.파생·가격,price_7d_pct,BTC 7일 가격 변화율,-0.97,-2.97,%,2026-09-30,ok,Coinbase 현물,https://api.exchange.coinbase.com/products/BTC-USD/candles?granularity=86400,https://www.coinbase.com/price/bitcoin,
2026-10-01 09:50 KST,C.파생·가격,oi,선물 미결제약정(OI),3.06,3.09,십억$,2026-09-30,ok,OKX 선물,https://www.okx.com/api/v5/rubik/stat/contracts/open-interest-volume?ccy=BTC&period=1D,https://www.okx.com/trade-swap/btc-usdt-swap,
2026-10-01 09:50 KST,C.파생·가격,oi_7d_pct,OI 7일 변화율,-8.54,-9.17,%,2026-09-30,ok,OKX 선물,https://www.okx.com/api/v5/rubik/stat/contracts/open-interest-volume?ccy=BTC&period=1D,https://www.okx.com/trade-swap/btc-usdt-swap,달러 기준 OI라 가격 변동이 섞여 있음
2026-10-01 09:50 KST,C.파생·가격,ls_account,롱/숏 계정비율,1.38,1.32,배,2026-09-30,ok,OKX 선물,https://www.okx.com/api/v5/rubik/stat/contracts/long-short-account-ratio?ccy=BTC&period=1D,https://www.okx.com/trade-swap/btc-usdt-swap,1 초과면 롱 우위
2026-10-01 09:50 KST,C.파생·가격,ls_account_pct,롱/숏 계정비율 분포 위치,76.7,76.7,백분위,2026-09-30,ok,OKX 선물,https://www.okx.com/api/v5/rubik/stat/contracts/long-short-account-ratio?ccy=BTC&period=1D,https://www.okx.com/trade-swap/btc-usdt-swap,OKX 선물 최근 30일 분포 기준. 높을수록 롱 쏠림
2026-10-01 09:50 KST,C.파생·가격,funding,펀딩비(최근 1회),0.0053,0.0037,%,2026-10-01 00:00 UTC,ok,OKX 선물,https://www.okx.com/api/v5/public/funding-rate-history?instId=BTC-USDT-SWAP&limit=6,https://www.okx.com/trade-swap/btc-usdt-swap,0.05%↑ 과열
2026-10-01 09:50 KST,C.파생·가격,funding_avg3,펀딩비 최근 3회 평균,0.0041,0.0053,%,2026-10-01 00:00 UTC,ok,OKX 선물,https://www.okx.com/api/v5/public/funding-rate-history?instId=BTC-USDT-SWAP&limit=6,https://www.okx.com/trade-swap/btc-usdt-swap,
2026-10-01 09:50 KST,C.파생·가격,dvol,DVOL(BTC 내재변동성),35.25,35.1,,2026-10-01 00:00 UTC,ok,Deribit,https://www.deribit.com/api/v2/public/get_volatility_index_data?currency=BTC&start_timestamp=1790556660131&end_timestamp=1790815860131&resolution=3600,https://www.deribit.com/statistics/BTC/volatility-index,
2026-10-01 09:50 KST,C.파생·가격,skew25,옵션 25델타 스큐(풋IV−콜IV),0.97,0.05,vol pt,2026-10-01 00:51 UTC,ok,Deribit,https://www.deribit.com/api/v2/public/get_instruments?currency=BTC&kind=option&expired=false,https://www.deribit.com/options/BTC,"만기 2026-10-30, 콜 BTC-30OCT26-90000-C / 풋 BTC-30OCT26-79000-P. 양수면 하방 헤지 수요 우위"
2026-10-01 09:50 KST,B.자금흐름,usdt_d,테더 도미넌스,6.385,6.398,%,2026-10-01 00:49 UTC,ok,CoinGecko,https://api.coingecko.com/api/v3/global,https://www.coingecko.com/en/global-charts,상승=위험회피 / TradingView USDT.D와 계산 방식 다름
2026-10-01 09:50 KST,B.자금흐름,total_mcap,전체 시가총액(TOTAL),2.8712,2.8663,조$,2026-10-01 00:49 UTC,ok,CoinGecko,https://api.coingecko.com/api/v3/global,https://www.coingecko.com/en/global-charts,
2026-10-01 09:50 KST,B.자금흐름,etf_total,BTC 현물 ETF 순유입(전체),66.2,31.1,백만$,2026-09-29,ok,TFTC (SoSoValue·Farside 집계),https://www.tftc.io/bitcoin-etf-flows/data.json,https://www.tftc.io/bitcoin-etf-flows,9거래일 연속 순유입 / 집계 기준일 2026-09-29
2026-10-01 09:50 KST,B.자금흐름,etf_ibit,IBIT(블랙록) 순유입,51.1,54.8,백만$,2026-09-29,ok,TFTC (SoSoValue·Farside 집계),https://www.tftc.io/bitcoin-etf-flows/data.json,https://www.tftc.io/bitcoin-etf-flows,
2026-10-01 09:50 KST,B.자금흐름,etf_5d_sum,ETF 5거래일 순유입 합계,769.4,1417.9,백만$,2026-09-29,ok,TFTC (SoSoValue·Farside 집계),https://www.tftc.io/bitcoin-etf-flows/data.json,https://www.tftc.io/bitcoin-etf-flows,
2026-10-01 09:50 KST,B.자금흐름,etf_streak,ETF 연속일수(+유입/−유출),9,8,일,2026-09-29,ok,TFTC (SoSoValue·Farside 집계),https://www.tftc.io/bitcoin-etf-flows/data.json,https://www.tftc.io/bitcoin-etf-flows,
2026-10-01 09:50 KST,D.온체인,mvrv_z,MVRV Z-Score,1.0328,1.0948,,2026-09-24,ok,BGeometrics,https://bitcoin-data.com/v1/mvrv-zscore/last,https://charts.bgeometrics.com/,0 이하 역사적 매수구간 / 7 이상 과열
2026-10-01 09:50 KST,D.온체인,sth_mvrv,단기보유자 MVRV,1.16,1.16,,2026-09-24,ok,BGeometrics,https://bitcoin-data.com/v1/sth-mvrv/last,https://charts.bgeometrics.com/,
2026-10-01 09:50 KST,D.온체인,sth_rp,단기보유자 실현가(STH-RP),72180.0,72239.0,$,2026-09-24,ok,BGeometrics,https://bitcoin-data.com/v1/sth-mvrv/last,https://charts.bgeometrics.com/,가격 ÷ STH-MVRV로 계산 (가격 83728.0$). 가격이 위면 강세 유지
2026-10-01 09:50 KST,D.온체인,ex_in_btc,거래소 BTC 유입,28302.4,28047.1,BTC,2026-09-29,ok,Coin Metrics 커뮤니티,https://community-api.coinmetrics.io/v4/timeseries/asset-metrics?assets=btc&metrics=FlowInExNtv&frequency=1d&page_size=130&paging_from=end,https://charts.coinmetrics.io/crypto-data/,
2026-10-01 09:50 KST,D.온체인,ex_out_btc,거래소 BTC 유출,26433.3,30287.7,BTC,2026-09-29,ok,Coin Metrics 커뮤니티,https://community-api.coinmetrics.io/v4/timeseries/asset-metrics?assets=btc&metrics=FlowOutExNtv&frequency=1d&page_size=130&paging_from=end,https://charts.coinmetrics.io/crypto-data/,
2026-10-01 09:50 KST,D.온체인,ex_net_7d,거래소 순유입 7일 합,-34657.1,-53433.0,BTC,2026-09-29,ok,Coin Metrics 커뮤니티,https://community-api.coinmetrics.io/v4/timeseries/asset-metrics?assets=btc&metrics=FlowInExUSD&frequency=1d&page_size=130&paging_from=end,https://charts.coinmetrics.io/crypto-data/,
2026-10-01 09:50 KST,D.온체인,ex_net_7d_pct,거래소 순유입 7일 합 분포 위치,11.1,2.2,백분위,2026-09-29,ok,Coin Metrics 커뮤니티,https://community-api.coinmetrics.io/v4/timeseries/asset-metrics?assets=btc&metrics=FlowInExUSD&frequency=1d&page_size=130&paging_from=end,https://charts.coinmetrics.io/crypto-data/,최근 90일 분포 기준. 높을수록 매도 압력
2026-10-01 09:50 KST,D.온체인,ex_net_btc,거래소 BTC 순유입,1869.0,-2240.5,BTC,2026-09-29,ok,Coin Metrics 커뮤니티,https://community-api.coinmetrics.io/v4/timeseries/asset-metrics?assets=btc&metrics=FlowInExNtv&frequency=1d&page_size=130&paging_from=end,https://charts.coinmetrics.io/crypto-data/,양수=매도 압력 / 음수=축적
2026-10-01 09:50 KST,D.온체인,ex_supply_30d_pct,거래소 보유량 30일 변화율,-0.65,-0.78,%,2026-09-29,ok,Coin Metrics 커뮤니티,https://community-api.coinmetrics.io/v4/timeseries/asset-metrics?assets=btc&metrics=SplyExNtv&frequency=1d&page_size=130&paging_from=end,https://charts.coinmetrics.io/crypto-data/,
2026-10-01 09:50 KST,D.온체인,ex_supply,거래소 BTC 보유량,2686232.0,2683692.0,BTC,2026-09-29,ok,Coin Metrics 커뮤니티,https://community-api.coinmetrics.io/v4/timeseries/asset-metrics?assets=btc&metrics=SplyExNtv&frequency=1d&page_size=130&paging_from=end,https://charts.coinmetrics.io/crypto-data/,
2026-10-01 09:50 KST,D.온체인,miner_to_ex,채굴자→거래소 유입,,,,,manual,수동 확인,,https://cryptoquant.com/asset/btc/chart/miner-flows,무료 소스 없음 → 수동 확인 목록 참고
2026-10-01 09:50 KST,D.온체인,whale_ratio_proxy,고래비율(근사),,,,,fail,Arkham + Coin Metrics,,https://intel.arkm.com/,Arkham 키 없음
2026-10-01 09:50 KST,Z.점수,score_ind_mvrv_z,점수: MVRV Z,0,,,2026-10-01,ok,점수 계산(coin_daily),,,MVRV Z 1.03
2026-10-01 09:50 KST,Z.점수,score_ind_sth,점수: 가격÷STH-RP,-1,,,2026-10-01,ok,점수 계산(coin_daily),,,가격÷STH-RP 1.160
2026-10-01 09:50 KST,Z.점수,score_ind_etf,점수: 현물 ETF 순유입,2,,,2026-10-01,ok,점수 계산(coin_daily),,,9거래일 연속 순유입
2026-10-01 09:50 KST,Z.점수,score_ind_ex_net,점수: 거래소 순유입(7일),1,,,2026-10-01,ok,점수 계산(coin_daily),,,7일 순유입 분포 11백분위
2026-10-01 09:50 KST,Z.점수,score_ind_ex_supply,점수: 거래소 보유량(30일),1,,,2026-10-01,ok,점수 계산(coin_daily),,,30일 -0.65% (±0.5% 미만은 0점)
2026-10-01 09:50 KST,Z.점수,score_ind_whale,점수: 고래비율(근사),,,,2026-10-01,fail,점수 계산(coin_daily),,,값 없음
2026-10-01 09:50 KST,Z.점수,score_ind_usdt_d,점수: 테더 도미넌스(7일),0,,,2026-10-01,ok,점수 계산(coin_daily),,,7일 +0.3% (±3% 미만은 0점)
2026-10-01 09:50 KST,Z.점수,score_ind_funding,점수: 펀딩비,1,,,2026-10-01,ok,점수 계산(coin_daily),,,3회 평균 0.0041%
2026-10-01 09:50 KST,Z.점수,score_ind_rsi,점수: RSI(14),-1,,,2026-10-01,ok,점수 계산(coin_daily),,,RSI 60.9
2026-10-01 09:50 KST,Z.점수,score_ind_ls,점수: 롱/숏 비율,-1,,,2026-10-01,ok,점수 계산(coin_daily),,,롱/숏 분포 77백분위
2026-10-01 09:50 KST,Z.점수,score_ind_oi,점수: 미결제약정(OI),1,,,2026-10-01,ok,점수 계산(coin_daily),,,"OI 7일 -8.5%, 가격 -1.0% (레버리지 정리)"
2026-10-01 09:50 KST,Z.점수,score_ind_skew,점수: 옵션 스큐,-1,,,2026-10-01,ok,점수 계산(coin_daily),,,"+0.97 (풋 우위 확대, 전일 +0.05)"
2026-10-01 09:50 KST,Z.점수,score_ind_nasdaq,점수: 나스닥,1,,,2026-10-01,ok,점수 계산(coin_daily),,,50일선 위
2026-10-01 09:50 KST,Z.점수,score_ind_dxy,점수: DXY,-1,,,2026-10-01,ok,점수 계산(coin_daily),,,"101.49, 20일 +1.8% (상승)"
2026-10-01 09:50 KST,Z.점수,score_ind_usdjpy,점수: USD/JPY,0,,,2026-10-01,ok,점수 계산(coin_daily),,,157.80
2026-10-01 09:50 KST,Z.점수,score_ind_infl,점수: CPI·PCE,-1,,,2026-10-01,ok,점수 계산(coin_daily),,,둔화−재가속 합계 -2
2026-10-01 09:50 KST,Z.점수,score_ind_fomc,점수: 폴리마켓 금리인하,,,,2026-10-01,fail,점수 계산(coin_daily),,,FOMC 마켓 미설정 또는 값 없음
2026-10-01 09:50 KST,Z.점수,score_group_밸류에이션,그룹 점수: 밸류에이션,-25.0,,,2026-10-01,ok,점수 계산(coin_daily),,,
2026-10-01 09:50 KST,Z.점수,score_group_수급,그룹 점수: 수급,50.0,,,2026-10-01,ok,점수 계산(coin_daily),,,
2026-10-01 09:50 KST,Z.점수,score_group_파생·심리,그룹 점수: 파생·심리,-10.0,,,2026-10-01,ok,점수 계산(coin_daily),,,
2026-10-01 09:50 KST,Z.점수,score_group_매크로,그룹 점수: 매크로,-12.5,,,2026-10-01,ok,점수 계산(coin_daily),,,
2026-10-01 09:50 KST,Z.점수,score_total,총점,3.9,,,2026-10-01,ok,점수 계산(coin_daily),,,
2026-10-01 09:50 KST,Z.점수,score_avg3,3일 평균 총점,9.2,,,2026-10-01,ok,점수 계산(coin_daily),,,
2026-10-01 09:50 KST,Z.점수,score_coverage,판정 가능 비율,88.2,,,2026-10-01,ok,점수 계산(coin_daily),,,
2026-10-01 09:50 KST,Z.점수,judgment_raw,오늘 구간,중립,,,2026-10-01,ok,점수 계산(coin_daily),,,
2026-10-01 09:50 KST,Z.점수,judgment,판정,중립,,,2026-10-01,ok,점수 계산(coin_daily),,,'중립' 구간 2일 연속 → 판정 변경 (매수 → 중립)
2026-10-01 09:50 KST,Z.점수,target,BTC 목표 비중(%),60,,,2026-10-01,ok,점수 계산(coin_daily),,,
2026-10-02 09:48 KST,A.매크로,nasdaq,나스닥 종합지수,26871.596,26861.061,pt,2026-10-01,ok,Yahoo Finance,yfinance:^IXIC,https://finance.yahoo.com/quote/%5EIXIC,
2026-10-02 09:48 KST,A.매크로,nasdaq_5d_pct,나스닥 5거래일 변화율,-0.25,-0.28,%,2026-10-01,ok,Yahoo Finance,yfinance:^IXIC,https://finance.yahoo.com/quote/%5EIXIC,
2026-10-02 09:48 KST,A.매크로,nasdaq_ma50,나스닥 50일 이평,26265.41,26241.79,pt,2026-10-01,ok,Yahoo Finance,yfinance:^IXIC,https://finance.yahoo.com/quote/%5EIXIC,종가가 이평 위면 추세 양호
2026-10-02 09:48 KST,A.매크로,dxy,달러인덱스(DXY),102.079,101.45,pt,2026-10-01,ok,Yahoo Finance,yfinance:DX-Y.NYB,https://finance.yahoo.com/quote/DX-Y.NYB,
2026-10-02 09:48 KST,A.매크로,dxy_20d_pct,DXY 20거래일 변화율,2.53,1.83,%,2026-10-01,ok,Yahoo Finance,yfinance:DX-Y.NYB,https://finance.yahoo.com/quote/DX-Y.NYB,
2026-10-02 09:48 KST,A.매크로,usdjpy,USD/JPY,158.025,157.558,엔,2026-10-02,ok,Yahoo Finance,yfinance:JPY=X,https://finance.yahoo.com/quote/JPY%3DX,
2026-10-02 09:48 KST,A.매크로,usdjpy_5d_pct,USD/JPY 5거래일 변화율,-0.49,-0.3,%,2026-10-02,ok,Yahoo Finance,yfinance:JPY=X,https://finance.yahoo.com/quote/JPY%3DX,
2026-10-02 09:48 KST,A.매크로,cpi_yoy,CPI 전년비,3.71,3.54,%,2026-08-01,ok,FRED,https://api.stlouisfed.org/fred/series/observations?series_id=CPIAUCSL&api_key=***&file_type=json&sort_order=desc&limit=24,https://fred.stlouisfed.org/series/CPIAUCSL,FRED 갱신일 2026-09-11 (발표 후 30일 이내)
2026-10-02 09:48 KST,A.매크로,core_cpi_yoy,근원 CPI 전년비,2.76,2.79,%,2026-08-01,ok,FRED,https://api.stlouisfed.org/fred/series/observations?series_id=CPILFESL&api_key=***&file_type=json&sort_order=desc&limit=24,https://fred.stlouisfed.org/series/CPILFESL,FRED 갱신일 2026-09-11 (발표 후 30일 이내)
2026-10-02 09:48 KST,A.매크로,pce_yoy,PCE 전년비,3.42,3.36,%,2026-08-01,ok,FRED,https://api.stlouisfed.org/fred/series/observations?series_id=PCEPI&api_key=***&file_type=json&sort_order=desc&limit=24,https://fred.stlouisfed.org/series/PCEPI,FRED 갱신일 2026-09-30 (발표 후 30일 이내)
2026-10-02 09:48 KST,A.매크로,core_pce_yoy,근원 PCE 전년비,3.01,2.98,%,2026-08-01,ok,FRED,https://api.stlouisfed.org/fred/series/observations?series_id=PCEPILFE&api_key=***&file_type=json&sort_order=desc&limit=24,https://fred.stlouisfed.org/series/PCEPILFE,FRED 갱신일 2026-09-30 (발표 후 30일 이내)
2026-10-02 09:48 KST,A.매크로,infl_signal,인플레이션 방향 합계,-2,-2,,2026-10-02,ok,FRED,,https://fred.stlouisfed.org/,최근 발표 지표 중 전년비 둔화 +1 / 재가속 −1의 합
2026-10-02 09:48 KST,C.파생·가격,btc_close,BTC 일봉 종가,84848.73,83556.14,USD,2026-10-01,ok,Coinbase 현물,https://api.exchange.coinbase.com/products/BTC-USD/candles?granularity=86400,https://www.coinbase.com/price/bitcoin,
2026-10-02 09:48 KST,C.파생·가격,rsi14,"RSI(14, 일봉)",64.62,60.87,,2026-10-01,ok,Coinbase 현물,https://api.exchange.coinbase.com/products/BTC-USD/candles?granularity=86400,https://www.coinbase.com/price/bitcoin,70↑ 과매수 / 30↓ 과매도
2026-10-02 09:48 KST,C.파생·가격,price_7d_pct,BTC 7일 가격 변화율,0.55,-0.97,%,2026-10-01,ok,Coinbase 현물,https://api.exchange.coinbase.com/products/BTC-USD/candles?granularity=86400,https://www.coinbase.com/price/bitcoin,
2026-10-02 09:48 KST,C.파생·가격,oi,선물 미결제약정(OI),3.16,3.06,십억$,2026-10-01,ok,OKX 선물,https://www.okx.com/api/v5/rubik/stat/contracts/open-interest-volume?ccy=BTC&period=1D,https://www.okx.com/trade-swap/btc-usdt-swap,
2026-10-02 09:48 KST,C.파생·가격,oi_7d_pct,OI 7일 변화율,-0.55,-8.54,%,2026-10-01,ok,OKX 선물,https://www.okx.com/api/v5/rubik/stat/contracts/open-interest-volume?ccy=BTC&period=1D,https://www.okx.com/trade-swap/btc-usdt-swap,달러 기준 OI라 가격 변동이 섞여 있음
2026-10-02 09:48 KST,C.파생·가격,ls_account,롱/숏 계정비율,1.17,1.37,배,2026-10-01,ok,OKX 선물,https://www.okx.com/api/v5/rubik/stat/contracts/long-short-account-ratio?ccy=BTC&period=1D,https://www.okx.com/trade-swap/btc-usdt-swap,1 초과면 롱 우위
2026-10-02 09:48 KST,C.파생·가격,ls_account_pct,롱/숏 계정비율 분포 위치,40.0,76.7,백분위,2026-10-01,ok,OKX 선물,https://www.okx.com/api/v5/rubik/stat/contracts/long-short-account-ratio?ccy=BTC&period=1D,https://www.okx.com/trade-swap/btc-usdt-swap,OKX 선물 최근 30일 분포 기준. 높을수록 롱 쏠림
2026-10-02 09:48 KST,C.파생·가격,funding,펀딩비(최근 1회),0.0003,0.0063,%,2026-10-02 00:00 UTC,ok,OKX 선물,https://www.okx.com/api/v5/public/funding-rate-history?instId=BTC-USDT-SWAP&limit=6,https://www.okx.com/trade-swap/btc-usdt-swap,0.05%↑ 과열
2026-10-02 09:48 KST,C.파생·가격,funding_avg3,펀딩비 최근 3회 평균,0.0029,0.0041,%,2026-10-02 00:00 UTC,ok,OKX 선물,https://www.okx.com/api/v5/public/funding-rate-history?instId=BTC-USDT-SWAP&limit=6,https://www.okx.com/trade-swap/btc-usdt-swap,
2026-10-02 09:48 KST,C.파생·가격,dvol,DVOL(BTC 내재변동성),36.47,35.27,,2026-10-02 00:00 UTC,ok,Deribit,https://www.deribit.com/api/v2/public/get_volatility_index_data?currency=BTC&start_timestamp=1790642933843&end_timestamp=1790902133843&resolution=3600,https://www.deribit.com/statistics/BTC/volatility-index,
2026-10-02 09:48 KST,C.파생·가격,skew25,옵션 25델타 스큐(풋IV−콜IV),2.11,0.97,vol pt,2026-10-02 00:49 UTC,ok,Deribit,https://www.deribit.com/api/v2/public/get_instruments?currency=BTC&kind=option&expired=false,https://www.deribit.com/options/BTC,"만기 2026-10-30, 콜 BTC-30OCT26-91000-C / 풋 BTC-30OCT26-80000-P. 양수면 하방 헤지 수요 우위"
2026-10-02 09:48 KST,B.자금흐름,usdt_d,테더 도미넌스,6.328,6.385,%,2026-10-02 00:42 UTC,ok,CoinGecko,https://api.coingecko.com/api/v3/global,https://www.coingecko.com/en/global-charts,상승=위험회피 / TradingView USDT.D와 계산 방식 다름
2026-10-02 09:48 KST,B.자금흐름,total_mcap,전체 시가총액(TOTAL),2.9062,2.8712,조$,2026-10-02 00:42 UTC,ok,CoinGecko,https://api.coingecko.com/api/v3/global,https://www.coingecko.com/en/global-charts,
2026-10-02 09:48 KST,B.자금흐름,etf_total,BTC 현물 ETF 순유입(전체),-148.7,66.2,백만$,2026-09-30,ok,TFTC (SoSoValue·Farside 집계),https://www.tftc.io/bitcoin-etf-flows/data.json,https://www.tftc.io/bitcoin-etf-flows,1거래일 연속 순유출 / 집계 기준일 2026-09-30
2026-10-02 09:48 KST,B.자금흐름,etf_ibit,IBIT(블랙록) 순유입,-9.5,51.1,백만$,2026-09-30,ok,TFTC (SoSoValue·Farside 집계),https://www.tftc.io/bitcoin-etf-flows/data.json,https://www.tftc.io/bitcoin-etf-flows,
2026-10-02 09:48 KST,B.자금흐름,etf_5d_sum,ETF 5거래일 순유입 합계,273.7,769.4,백만$,2026-09-30,ok,TFTC (SoSoValue·Farside 집계),https://www.tftc.io/bitcoin-etf-flows/data.json,https://www.tftc.io/bitcoin-etf-flows,
2026-10-02 09:48 KST,B.자금흐름,etf_streak,ETF 연속일수(+유입/−유출),-1,9,일,2026-09-30,ok,TFTC (SoSoValue·Farside 집계),https://www.tftc.io/bitcoin-etf-flows/data.json,https://www.tftc.io/bitcoin-etf-flows,
2026-10-02 09:48 KST,D.온체인,mvrv_z,MVRV Z-Score,1.0332,1.0328,,2026-09-25,ok,BGeometrics,https://bitcoin-data.com/v1/mvrv-zscore/last,https://charts.bgeometrics.com/,0 이하 역사적 매수구간 / 7 이상 과열
2026-10-02 09:48 KST,D.온체인,sth_mvrv,단기보유자 MVRV,1.15,1.16,,2026-09-25,ok,BGeometrics,https://bitcoin-data.com/v1/sth-mvrv/last,https://charts.bgeometrics.com/,
2026-10-02 09:48 KST,D.온체인,sth_rp,단기보유자 실현가(STH-RP),73702.0,72180.0,$,2026-09-25,ok,BGeometrics,https://bitcoin-data.com/v1/sth-mvrv/last,https://charts.bgeometrics.com/,가격 ÷ STH-MVRV로 계산 (가격 84758.0$). 가격이 위면 강세 유지
2026-10-02 09:48 KST,D.온체인,ex_in_btc,거래소 BTC 유입,20094.3,28302.4,BTC,2026-09-30,ok,Coin Metrics 커뮤니티,https://community-api.coinmetrics.io/v4/timeseries/asset-metrics?assets=btc&metrics=FlowInExNtv&frequency=1d&page_size=130&paging_from=end,https://charts.coinmetrics.io/crypto-data/,
2026-10-02 09:48 KST,D.온체인,ex_out_btc,거래소 BTC 유출,24558.2,26433.3,BTC,2026-09-30,ok,Coin Metrics 커뮤니티,https://community-api.coinmetrics.io/v4/timeseries/asset-metrics?assets=btc&metrics=FlowOutExNtv&frequency=1d&page_size=130&paging_from=end,https://charts.coinmetrics.io/crypto-data/,
2026-10-02 09:48 KST,D.온체인,ex_net_7d,거래소 순유입 7일 합,-29064.1,-34657.1,BTC,2026-09-30,ok,Coin Metrics 커뮤니티,https://community-api.coinmetrics.io/v4/timeseries/asset-metrics?assets=btc&metrics=FlowInExUSD&frequency=1d&page_size=130&paging_from=end,https://charts.coinmetrics.io/crypto-data/,
2026-10-02 09:48 KST,D.온체인,ex_net_7d_pct,거래소 순유입 7일 합 분포 위치,16.7,11.1,백분위,2026-09-30,ok,Coin Metrics 커뮤니티,https://community-api.coinmetrics.io/v4/timeseries/asset-metrics?assets=btc&metrics=FlowInExUSD&frequency=1d&page_size=130&paging_from=end,https://charts.coinmetrics.io/crypto-data/,최근 90일 분포 기준. 높을수록 매도 압력
2026-10-02 09:48 KST,D.온체인,ex_net_btc,거래소 BTC 순유입,-4463.9,1869.0,BTC,2026-09-30,ok,Coin Metrics 커뮤니티,https://community-api.coinmetrics.io/v4/timeseries/asset-metrics?assets=btc&metrics=FlowInExNtv&frequency=1d&page_size=130&paging_from=end,https://charts.coinmetrics.io/crypto-data/,양수=매도 압력 / 음수=축적
2026-10-02 09:48 KST,D.온체인,ex_supply_30d_pct,거래소 보유량 30일 변화율,-0.83,-0.65,%,2026-09-30,ok,Coin Metrics 커뮤니티,https://community-api.coinmetrics.io/v4/timeseries/asset-metrics?assets=btc&metrics=SplyExNtv&frequency=1d&page_size=130&paging_from=end,https://charts.coinmetrics.io/crypto-data/,
2026-10-02 09:48 KST,D.온체인,ex_supply,거래소 BTC 보유량,2681920.0,2686232.0,BTC,2026-09-30,ok,Coin Metrics 커뮤니티,https://community-api.coinmetrics.io/v4/timeseries/asset-metrics?assets=btc&metrics=SplyExNtv&frequency=1d&page_size=130&paging_from=end,https://charts.coinmetrics.io/crypto-data/,
2026-10-02 09:48 KST,D.온체인,miner_to_ex,채굴자→거래소 유입,,,,,manual,수동 확인,,https://cryptoquant.com/asset/btc/chart/miner-flows,무료 소스 없음 → 수동 확인 목록 참고
2026-10-02 09:48 KST,D.온체인,whale_ratio_proxy,고래비율(근사),,,,,fail,Arkham + Coin Metrics,,https://intel.arkm.com/,Arkham 키 없음
2026-10-02 09:48 KST,Z.점수,score_ind_mvrv_z,점수: MVRV Z,0,,,2026-10-02,ok,점수 계산(coin_daily),,,MVRV Z 1.03
2026-10-02 09:48 KST,Z.점수,score_ind_sth,점수: 가격÷STH-RP,-1,,,2026-10-02,ok,점수 계산(coin_daily),,,가격÷STH-RP 1.150
2026-10-02 09:48 KST,Z.점수,score_ind_etf,점수: 현물 ETF 순유입,1,,,2026-10-02,ok,점수 계산(coin_daily),,,5일 합 +274백만$
2026-10-02 09:48 KST,Z.점수,score_ind_ex_net,점수: 거래소 순유입(7일),1,,,2026-10-02,ok,점수 계산(coin_daily),,,7일 순유입 분포 17백분위
2026-10-02 09:48 KST,Z.점수,score_ind_ex_supply,점수: 거래소 보유량(30일),1,,,2026-10-02,ok,점수 계산(coin_daily),,,30일 -0.83% (±0.5% 미만은 0점)
2026-10-02 09:48 KST,Z.점수,score_ind_whale,점수: 고래비율(근사),,,,2026-10-02,fail,점수 계산(coin_daily),,,값 없음
2026-10-02 09:48 KST,Z.점수,score_ind_usdt_d,점수: 테더 도미넌스(7일),0,,,2026-10-02,ok,점수 계산(coin_daily),,,7일 -0.1% (±3% 미만은 0점)
2026-10-02 09:48 KST,Z.점수,score_ind_funding,점수: 펀딩비,1,,,2026-10-02,ok,점수 계산(coin_daily),,,3회 평균 0.0029%
2026-10-02 09:48 KST,Z.점수,score_ind_rsi,점수: RSI(14),-1,,,2026-10-02,ok,점수 계산(coin_daily),,,RSI 64.6
2026-10-02 09:48 KST,Z.점수,score_ind_ls,점수: 롱/숏 비율,0,,,2026-10-02,ok,점수 계산(coin_daily),,,롱/숏 분포 40백분위
2026-10-02 09:48 KST,Z.점수,score_ind_oi,점수: 미결제약정(OI),0,,,2026-10-02,ok,점수 계산(coin_daily),,,"OI 7일 -0.6%, 가격 +0.6%"
2026-10-02 09:48 KST,Z.점수,score_ind_skew,점수: 옵션 스큐,-1,,,2026-10-02,ok,점수 계산(coin_daily),,,"+2.11 (풋 우위 확대, 전일 +0.97)"
2026-10-02 09:48 KST,Z.점수,score_ind_nasdaq,점수: 나스닥,1,,,2026-10-02,ok,점수 계산(coin_daily),,,50일선 위
2026-10-02 09:48 KST,Z.점수,score_ind_dxy,점수: DXY,-1,,,2026-10-02,ok,점수 계산(coin_daily),,,"102.08, 20일 +2.5% (상승)"
2026-10-02 09:48 KST,Z.점수,score_ind_usdjpy,점수: USD/JPY,0,,,2026-10-02,ok,점수 계산(coin_daily),,,158.03
2026-10-02 09:48 KST,Z.점수,score_ind_infl,점수: CPI·PCE,-1,,,2026-10-02,ok,점수 계산(coin_daily),,,둔화−재가속 합계 -2
2026-10-02 09:48 KST,Z.점수,score_ind_fomc,점수: 폴리마켓 금리인하,,,,2026-10-02,fail,점수 계산(coin_daily),,,FOMC 마켓 미설정 또는 값 없음
2026-10-02 09:48 KST,Z.점수,score_group_밸류에이션,그룹 점수: 밸류에이션,-25.0,,,2026-10-02,ok,점수 계산(coin_daily),,,
2026-10-02 09:48 KST,Z.점수,score_group_수급,그룹 점수: 수급,37.5,,,2026-10-02,ok,점수 계산(coin_daily),,,
2026-10-02 09:48 KST,Z.점수,score_group_파생·심리,그룹 점수: 파생·심리,-10.0,,,2026-10-02,ok,점수 계산(coin_daily),,,
2026-10-02 09:48 KST,Z.점수,score_group_매크로,그룹 점수: 매크로,-12.5,,,2026-10-02,ok,점수 계산(coin_daily),,,
2026-10-02 09:48 KST,Z.점수,score_total,총점,0.1,,,2026-10-02,ok,점수 계산(coin_daily),,,
2026-10-02 09:48 KST,Z.점수,score_avg3,3일 평균 총점,3.6,,,2026-10-02,ok,점수 계산(coin_daily),,,
2026-10-02 09:48 KST,Z.점수,score_coverage,판정 가능 비율,88.2,,,2026-10-02,ok,점수 계산(coin_daily),,,
2026-10-02 09:48 KST,Z.점수,judgment_raw,오늘 구간,중립,,,2026-10-02,ok,점수 계산(coin_daily),,,
2026-10-02 09:48 KST,Z.점수,judgment,판정,중립,,,2026-10-02,ok,점수 계산(coin_daily),,,
2026-10-02 09:48 KST,Z.점수,target,BTC 목표 비중(%),60,,,2026-10-02,ok,점수 계산(coin_daily),,,
2026-10-03 09:48 KST,A.매크로,nasdaq,나스닥 종합지수,27190.863,26871.6,pt,2026-10-02,ok,Yahoo Finance,yfinance:^IXIC,https://finance.yahoo.com/quote/%5EIXIC,
2026-10-03 09:48 KST,A.매크로,nasdaq_5d_pct,나스닥 5거래일 변화율,0.45,-0.25,%,2026-10-02,ok,Yahoo Finance,yfinance:^IXIC,https://finance.yahoo.com/quote/%5EIXIC,
2026-10-03 09:48 KST,A.매크로,nasdaq_ma50,나스닥 50일 이평,26306.47,26265.41,pt,2026-10-02,ok,Yahoo Finance,yfinance:^IXIC,https://finance.yahoo.com/quote/%5EIXIC,종가가 이평 위면 추세 양호
2026-10-03 09:48 KST,A.매크로,dxy,달러인덱스(DXY),101.924,102.1,pt,2026-10-02,ok,Yahoo Finance,yfinance:DX-Y.NYB,https://finance.yahoo.com/quote/DX-Y.NYB,
2026-10-03 09:48 KST,A.매크로,dxy_20d_pct,DXY 20거래일 변화율,2.95,2.53,%,2026-10-02,ok,Yahoo Finance,yfinance:DX-Y.NYB,https://finance.yahoo.com/quote/DX-Y.NYB,
2026-10-03 09:48 KST,A.매크로,usdjpy,USD/JPY,157.83,157.558,엔,2026-10-02,ok,Yahoo Finance,yfinance:JPY=X,https://finance.yahoo.com/quote/JPY%3DX,
2026-10-03 09:48 KST,A.매크로,usdjpy_5d_pct,USD/JPY 5거래일 변화율,-0.62,-0.49,%,2026-10-02,ok,Yahoo Finance,yfinance:JPY=X,https://finance.yahoo.com/quote/JPY%3DX,
2026-10-03 09:48 KST,A.매크로,cpi_yoy,CPI 전년비,3.71,3.54,%,2026-08-01,ok,FRED,https://api.stlouisfed.org/fred/series/observations?series_id=CPIAUCSL&api_key=***&file_type=json&sort_order=desc&limit=24,https://fred.stlouisfed.org/series/CPIAUCSL,FRED 갱신일 2026-09-11 (발표 후 30일 이내)
2026-10-03 09:48 KST,A.매크로,core_cpi_yoy,근원 CPI 전년비,2.76,2.79,%,2026-08-01,ok,FRED,https://api.stlouisfed.org/fred/series/observations?series_id=CPILFESL&api_key=***&file_type=json&sort_order=desc&limit=24,https://fred.stlouisfed.org/series/CPILFESL,FRED 갱신일 2026-09-11 (발표 후 30일 이내)
2026-10-03 09:48 KST,A.매크로,pce_yoy,PCE 전년비,3.42,3.36,%,2026-08-01,ok,FRED,https://api.stlouisfed.org/fred/series/observations?series_id=PCEPI&api_key=***&file_type=json&sort_order=desc&limit=24,https://fred.stlouisfed.org/series/PCEPI,FRED 갱신일 2026-09-30 (발표 후 30일 이내)
2026-10-03 09:48 KST,A.매크로,core_pce_yoy,근원 PCE 전년비,3.01,2.98,%,2026-08-01,ok,FRED,https://api.stlouisfed.org/fred/series/observations?series_id=PCEPILFE&api_key=***&file_type=json&sort_order=desc&limit=24,https://fred.stlouisfed.org/series/PCEPILFE,FRED 갱신일 2026-09-30 (발표 후 30일 이내)
2026-10-03 09:48 KST,A.매크로,infl_signal,인플레이션 방향 합계,-2,-2,,2026-10-03,ok,FRED,,https://fred.stlouisfed.org/,최근 발표 지표 중 전년비 둔화 +1 / 재가속 −1의 합
2026-10-03 09:48 KST,C.파생·가격,btc_close,BTC 일봉 종가,84504.88,84848.73,USD,2026-10-02,ok,Coinbase 현물,https://api.exchange.coinbase.com/products/BTC-USD/candles?granularity=86400,https://www.coinbase.com/price/bitcoin,
2026-10-03 09:48 KST,C.파생·가격,rsi14,"RSI(14, 일봉)",62.89,64.62,,2026-10-02,ok,Coinbase 현물,https://api.exchange.coinbase.com/products/BTC-USD/candles?granularity=86400,https://www.coinbase.com/price/bitcoin,70↑ 과매수 / 30↓ 과매도
2026-10-03 09:48 KST,C.파생·가격,price_7d_pct,BTC 7일 가격 변화율,0.49,0.55,%,2026-10-02,ok,Coinbase 현물,https://api.exchange.coinbase.com/products/BTC-USD/candles?granularity=86400,https://www.coinbase.com/price/bitcoin,
2026-10-03 09:48 KST,C.파생·가격,oi,선물 미결제약정(OI),3.16,3.06,십억$,2026-10-01,ok,OKX 선물,https://www.okx.com/api/v5/rubik/stat/contracts/open-interest-volume?ccy=BTC&period=1D,https://www.okx.com/trade-swap/btc-usdt-swap,
2026-10-03 09:48 KST,C.파생·가격,oi_7d_pct,OI 7일 변화율,-0.55,-0.55,%,2026-10-01,ok,OKX 선물,https://www.okx.com/api/v5/rubik/stat/contracts/open-interest-volume?ccy=BTC&period=1D,https://www.okx.com/trade-swap/btc-usdt-swap,달러 기준 OI라 가격 변동이 섞여 있음
2026-10-03 09:48 KST,C.파생·가격,ls_account,롱/숏 계정비율,1.33,1.0,배,2026-10-01,ok,OKX 선물,https://www.okx.com/api/v5/rubik/stat/contracts/long-short-account-ratio?ccy=BTC&period=1D,https://www.okx.com/trade-swap/btc-usdt-swap,1 초과면 롱 우위
2026-10-03 09:48 KST,C.파생·가격,ls_account_pct,롱/숏 계정비율 분포 위치,66.7,40.0,백분위,2026-10-01,ok,OKX 선물,https://www.okx.com/api/v5/rubik/stat/contracts/long-short-account-ratio?ccy=BTC&period=1D,https://www.okx.com/trade-swap/btc-usdt-swap,OKX 선물 최근 30일 분포 기준. 높을수록 롱 쏠림
2026-10-03 09:48 KST,C.파생·가격,funding,펀딩비(최근 1회),-0.0001,0.0046,%,2026-10-03 00:00 UTC,ok,OKX 선물,https://www.okx.com/api/v5/public/funding-rate-history?instId=BTC-USDT-SWAP&limit=6,https://www.okx.com/trade-swap/btc-usdt-swap,0.05%↑ 과열
2026-10-03 09:48 KST,C.파생·가격,funding_avg3,펀딩비 최근 3회 평균,0.0039,0.0029,%,2026-10-03 00:00 UTC,ok,OKX 선물,https://www.okx.com/api/v5/public/funding-rate-history?instId=BTC-USDT-SWAP&limit=6,https://www.okx.com/trade-swap/btc-usdt-swap,
2026-10-03 09:48 KST,C.파생·가격,dvol,DVOL(BTC 내재변동성),34.81,36.45,,2026-10-03 00:00 UTC,ok,Deribit,https://www.deribit.com/api/v2/public/get_volatility_index_data?currency=BTC&start_timestamp=1790729311881&end_timestamp=1790988511881&resolution=3600,https://www.deribit.com/statistics/BTC/volatility-index,
2026-10-03 09:48 KST,C.파생·가격,skew25,옵션 25델타 스큐(풋IV−콜IV),0.85,2.11,vol pt,2026-10-03 00:48 UTC,ok,Deribit,https://www.deribit.com/api/v2/public/get_instruments?currency=BTC&kind=option&expired=false,https://www.deribit.com/options/BTC,"만기 2026-10-30, 콜 BTC-30OCT26-91000-C / 풋 BTC-30OCT26-80000-P. 양수면 하방 헤지 수요 우위"
2026-10-03 09:48 KST,B.자금흐름,usdt_d,테더 도미넌스,6.356,6.328,%,2026-10-03 00:44 UTC,ok,CoinGecko,https://api.coingecko.com/api/v3/global,https://www.coingecko.com/en/global-charts,상승=위험회피 / TradingView USDT.D와 계산 방식 다름
2026-10-03 09:48 KST,B.자금흐름,total_mcap,전체 시가총액(TOTAL),2.8897,2.9062,조$,2026-10-03 00:44 UTC,ok,CoinGecko,https://api.coingecko.com/api/v3/global,https://www.coingecko.com/en/global-charts,
2026-10-03 09:48 KST,B.자금흐름,etf_total,BTC 현물 ETF 순유입(전체),102.7,-148.7,백만$,2026-10-01,ok,TFTC (SoSoValue·Farside 집계),https://www.tftc.io/bitcoin-etf-flows/data.json,https://www.tftc.io/bitcoin-etf-flows,1거래일 연속 순유입 / 집계 기준일 2026-10-01
2026-10-03 09:48 KST,B.자금흐름,etf_ibit,IBIT(블랙록) 순유입,195.6,-9.5,백만$,2026-10-01,ok,TFTC (SoSoValue·Farside 집계),https://www.tftc.io/bitcoin-etf-flows/data.json,https://www.tftc.io/bitcoin-etf-flows,
2026-10-03 09:48 KST,B.자금흐름,etf_5d_sum,ETF 5거래일 순유입 합계,185.7,273.7,백만$,2026-10-01,ok,TFTC (SoSoValue·Farside 집계),https://www.tftc.io/bitcoin-etf-flows/data.json,https://www.tftc.io/bitcoin-etf-flows,
2026-10-03 09:48 KST,B.자금흐름,etf_streak,ETF 연속일수(+유입/−유출),1,-1,일,2026-10-01,ok,TFTC (SoSoValue·Farside 집계),https://www.tftc.io/bitcoin-etf-flows/data.json,https://www.tftc.io/bitcoin-etf-flows,
2026-10-03 09:48 KST,D.온체인,mvrv_z,MVRV Z-Score,1.0198,1.0332,,2026-09-26,ok,BGeometrics,https://bitcoin-data.com/v1/mvrv-zscore/last,https://charts.bgeometrics.com/,0 이하 역사적 매수구간 / 7 이상 과열
2026-10-03 09:48 KST,D.온체인,sth_mvrv,단기보유자 MVRV,1.15,1.15,,2026-09-26,ok,BGeometrics,https://bitcoin-data.com/v1/sth-mvrv/last,https://charts.bgeometrics.com/,
2026-10-03 09:48 KST,D.온체인,sth_rp,단기보유자 실현가(STH-RP),73470.0,73702.0,$,2026-09-26,ok,BGeometrics,https://bitcoin-data.com/v1/sth-mvrv/last,https://charts.bgeometrics.com/,가격 ÷ STH-MVRV로 계산 (가격 84490.0$). 가격이 위면 강세 유지
2026-10-03 09:48 KST,D.온체인,ex_in_btc,거래소 BTC 유입,25840.5,20094.3,BTC,2026-10-01,ok,Coin Metrics 커뮤니티,https://community-api.coinmetrics.io/v4/timeseries/asset-metrics?assets=btc&metrics=FlowInExNtv&frequency=1d&page_size=130&paging_from=end,https://charts.coinmetrics.io/crypto-data/,
2026-10-03 09:48 KST,D.온체인,ex_out_btc,거래소 BTC 유출,30196.2,24558.2,BTC,2026-10-01,ok,Coin Metrics 커뮤니티,https://community-api.coinmetrics.io/v4/timeseries/asset-metrics?assets=btc&metrics=FlowOutExNtv&frequency=1d&page_size=130&paging_from=end,https://charts.coinmetrics.io/crypto-data/,
2026-10-03 09:48 KST,D.온체인,ex_net_7d,거래소 순유입 7일 합,-25758.4,-29064.1,BTC,2026-10-01,ok,Coin Metrics 커뮤니티,https://community-api.coinmetrics.io/v4/timeseries/asset-metrics?assets=btc&metrics=FlowInExUSD&frequency=1d&page_size=130&paging_from=end,https://charts.coinmetrics.io/crypto-data/,
2026-10-03 09:48 KST,D.온체인,ex_net_7d_pct,거래소 순유입 7일 합 분포 위치,18.9,16.7,백분위,2026-10-01,ok,Coin Metrics 커뮤니티,https://community-api.coinmetrics.io/v4/timeseries/asset-metrics?assets=btc&metrics=FlowInExUSD&frequency=1d&page_size=130&paging_from=end,https://charts.coinmetrics.io/crypto-data/,최근 90일 분포 기준. 높을수록 매도 압력
2026-10-03 09:48 KST,D.온체인,ex_net_btc,거래소 BTC 순유입,-4355.7,-4463.9,BTC,2026-10-01,ok,Coin Metrics 커뮤니티,https://community-api.coinmetrics.io/v4/timeseries/asset-metrics?assets=btc&metrics=FlowInExNtv&frequency=1d&page_size=130&paging_from=end,https://charts.coinmetrics.io/crypto-data/,양수=매도 압력 / 음수=축적
2026-10-03 09:48 KST,D.온체인,ex_supply_30d_pct,거래소 보유량 30일 변화율,-1.02,-0.83,%,2026-10-01,ok,Coin Metrics 커뮤니티,https://community-api.coinmetrics.io/v4/timeseries/asset-metrics?assets=btc&metrics=SplyExNtv&frequency=1d&page_size=130&paging_from=end,https://charts.coinmetrics.io/crypto-data/,
2026-10-03 09:48 KST,D.온체인,ex_supply,거래소 BTC 보유량,2677736.0,2681920.0,BTC,2026-10-01,ok,Coin Metrics 커뮤니티,https://community-api.coinmetrics.io/v4/timeseries/asset-metrics?assets=btc&metrics=SplyExNtv&frequency=1d&page_size=130&paging_from=end,https://charts.coinmetrics.io/crypto-data/,
2026-10-03 09:48 KST,D.온체인,miner_to_ex,채굴자→거래소 유입,,,,,manual,수동 확인,,https://cryptoquant.com/asset/btc/chart/miner-flows,무료 소스 없음 → 수동 확인 목록 참고
2026-10-03 09:48 KST,D.온체인,whale_ratio_proxy,고래비율(근사),,,,,fail,Arkham + Coin Metrics,,https://intel.arkm.com/,Arkham 키 없음
2026-10-03 09:48 KST,Z.점수,score_ind_mvrv_z,점수: MVRV Z,0,,,2026-10-03,ok,점수 계산(coin_daily),,,MVRV Z 1.02
2026-10-03 09:48 KST,Z.점수,score_ind_sth,점수: 가격÷STH-RP,-1,,,2026-10-03,ok,점수 계산(coin_daily),,,가격÷STH-RP 1.150
2026-10-03 09:48 KST,Z.점수,score_ind_etf,점수: 현물 ETF 순유입,1,,,2026-10-03,ok,점수 계산(coin_daily),,,5일 합 +186백만$
2026-10-03 09:48 KST,Z.점수,score_ind_ex_net,점수: 거래소 순유입(7일),1,,,2026-10-03,ok,점수 계산(coin_daily),,,7일 순유입 분포 19백분위
2026-10-03 09:48 KST,Z.점수,score_ind_ex_supply,점수: 거래소 보유량(30일),1,,,2026-10-03,ok,점수 계산(coin_daily),,,30일 -1.02% (±0.5% 미만은 0점)
2026-10-03 09:48 KST,Z.점수,score_ind_whale,점수: 고래비율(근사),,,,2026-10-03,fail,점수 계산(coin_daily),,,값 없음
2026-10-03 09:48 KST,Z.점수,score_ind_usdt_d,점수: 테더 도미넌스(7일),0,,,2026-10-03,ok,점수 계산(coin_daily),,,7일 +0.0% (±3% 미만은 0점)
2026-10-03 09:48 KST,Z.점수,score_ind_funding,점수: 펀딩비,1,,,2026-10-03,ok,점수 계산(coin_daily),,,3회 평균 0.0039%
2026-10-03 09:48 KST,Z.점수,score_ind_rsi,점수: RSI(14),-1,,,2026-10-03,ok,점수 계산(coin_daily),,,RSI 62.9
2026-10-03 09:48 KST,Z.점수,score_ind_ls,점수: 롱/숏 비율,0,,,2026-10-03,ok,점수 계산(coin_daily),,,롱/숏 분포 67백분위
2026-10-03 09:48 KST,Z.점수,score_ind_oi,점수: 미결제약정(OI),0,,,2026-10-03,ok,점수 계산(coin_daily),,,"OI 7일 -0.6%, 가격 +0.5%"
2026-10-03 09:48 KST,Z.점수,score_ind_skew,점수: 옵션 스큐,0,,,2026-10-03,ok,점수 계산(coin_daily),,,+0.85
2026-10-03 09:48 KST,Z.점수,score_ind_nasdaq,점수: 나스닥,1,,,2026-10-03,ok,점수 계산(coin_daily),,,50일선 위
2026-10-03 09:48 KST,Z.점수,score_ind_dxy,점수: DXY,-1,,,2026-10-03,ok,점수 계산(coin_daily),,,"101.92, 20일 +3.0% (상승)"
2026-10-03 09:48 KST,Z.점수,score_ind_usdjpy,점수: USD/JPY,0,,,2026-10-03,ok,점수 계산(coin_daily),,,157.83
2026-10-03 09:48 KST,Z.점수,score_ind_infl,점수: CPI·PCE,-1,,,2026-10-03,ok,점수 계산(coin_daily),,,둔화−재가속 합계 -2
2026-10-03 09:48 KST,Z.점수,score_ind_fomc,점수: 폴리마켓 금리인하,,,,2026-10-03,fail,점수 계산(coin_daily),,,FOMC 마켓 미설정 또는 값 없음
2026-10-03 09:48 KST,Z.점수,score_group_밸류에이션,그룹 점수: 밸류에이션,-25.0,,,2026-10-03,ok,점수 계산(coin_daily),,,
2026-10-03 09:48 KST,Z.점수,score_group_수급,그룹 점수: 수급,37.5,,,2026-10-03,ok,점수 계산(coin_daily),,,
2026-10-03 09:48 KST,Z.점수,score_group_파생·심리,그룹 점수: 파생·심리,0.0,,,2026-10-03,ok,점수 계산(coin_daily),,,
2026-10-03 09:48 KST,Z.점수,score_group_매크로,그룹 점수: 매크로,-12.5,,,2026-10-03,ok,점수 계산(coin_daily),,,
2026-10-03 09:48 KST,Z.점수,score_total,총점,3.1,,,2026-10-03,ok,점수 계산(coin_daily),,,
2026-10-03 09:48 KST,Z.점수,score_avg3,3일 평균 총점,2.4,,,2026-10-03,ok,점수 계산(coin_daily),,,
2026-10-03 09:48 KST,Z.점수,score_coverage,판정 가능 비율,88.2,,,2026-10-03,ok,점수 계산(coin_daily),,,
2026-10-03 09:48 KST,Z.점수,judgment_raw,오늘 구간,중립,,,2026-10-03,ok,점수 계산(coin_daily),,,
2026-10-03 09:48 KST,Z.점수,judgment,판정,중립,,,2026-10-03,ok,점수 계산(coin_daily),,,
2026-10-03 09:48 KST,Z.점수,target,BTC 목표 비중(%),60,,,2026-10-03,ok,점수 계산(coin_daily),,,
2026-10-04 12:55 KST,A.매크로,nasdaq,나스닥 종합지수,27190.859,26871.6,pt,2026-10-02,ok,Yahoo Finance,yfinance:^IXIC,https://finance.yahoo.com/quote/%5EIXIC,
2026-10-04 12:55 KST,A.매크로,nasdaq_5d_pct,나스닥 5거래일 변화율,0.45,0.45,%,2026-10-02,ok,Yahoo Finance,yfinance:^IXIC,https://finance.yahoo.com/quote/%5EIXIC,
2026-10-04 12:55 KST,A.매크로,nasdaq_ma50,나스닥 50일 이평,26306.47,26306.47,pt,2026-10-02,ok,Yahoo Finance,yfinance:^IXIC,https://finance.yahoo.com/quote/%5EIXIC,종가가 이평 위면 추세 양호
2026-10-04 12:55 KST,A.매크로,dxy,달러인덱스(DXY),101.93,102.1,pt,2026-10-02,ok,Yahoo Finance,yfinance:DX-Y.NYB,https://finance.yahoo.com/quote/DX-Y.NYB,
2026-10-04 12:55 KST,A.매크로,dxy_20d_pct,DXY 20거래일 변화율,2.96,2.95,%,2026-10-02,ok,Yahoo Finance,yfinance:DX-Y.NYB,https://finance.yahoo.com/quote/DX-Y.NYB,
2026-10-04 12:55 KST,A.매크로,usdjpy,USD/JPY,157.83,157.927,엔,2026-10-03,ok,Yahoo Finance,yfinance:JPY=X,https://finance.yahoo.com/quote/JPY%3DX,
2026-10-04 12:55 KST,A.매크로,usdjpy_5d_pct,USD/JPY 5거래일 변화율,0.23,-0.62,%,2026-10-03,ok,Yahoo Finance,yfinance:JPY=X,https://finance.yahoo.com/quote/JPY%3DX,
2026-10-04 12:55 KST,A.매크로,cpi_yoy,CPI 전년비,3.71,3.54,%,2026-08-01,ok,FRED,https://api.stlouisfed.org/fred/series/observations?series_id=CPIAUCSL&api_key=***&file_type=json&sort_order=desc&limit=24,https://fred.stlouisfed.org/series/CPIAUCSL,FRED 갱신일 2026-09-11 (발표 후 30일 이내)
2026-10-04 12:55 KST,A.매크로,core_cpi_yoy,근원 CPI 전년비,2.76,2.79,%,2026-08-01,ok,FRED,https://api.stlouisfed.org/fred/series/observations?series_id=CPILFESL&api_key=***&file_type=json&sort_order=desc&limit=24,https://fred.stlouisfed.org/series/CPILFESL,FRED 갱신일 2026-09-11 (발표 후 30일 이내)
2026-10-04 12:55 KST,A.매크로,pce_yoy,PCE 전년비,3.42,3.36,%,2026-08-01,ok,FRED,https://api.stlouisfed.org/fred/series/observations?series_id=PCEPI&api_key=***&file_type=json&sort_order=desc&limit=24,https://fred.stlouisfed.org/series/PCEPI,FRED 갱신일 2026-09-30 (발표 후 30일 이내)
2026-10-04 12:55 KST,A.매크로,core_pce_yoy,근원 PCE 전년비,3.01,2.98,%,2026-08-01,ok,FRED,https://api.stlouisfed.org/fred/series/observations?series_id=PCEPILFE&api_key=***&file_type=json&sort_order=desc&limit=24,https://fred.stlouisfed.org/series/PCEPILFE,FRED 갱신일 2026-09-30 (발표 후 30일 이내)
2026-10-04 12:55 KST,A.매크로,infl_signal,인플레이션 방향 합계,-2,-2,,2026-10-04,ok,FRED,,https://fred.stlouisfed.org/,최근 발표 지표 중 전년비 둔화 +1 / 재가속 −1의 합
2026-10-04 12:55 KST,C.파생·가격,btc_close,BTC 일봉 종가,84742.22,84504.88,USD,2026-10-03,ok,Coinbase 현물,https://api.exchange.coinbase.com/products/BTC-USD/candles?granularity=86400,https://www.coinbase.com/price/bitcoin,
2026-10-04 12:55 KST,C.파생·가격,rsi14,"RSI(14, 일봉)",63.62,62.89,,2026-10-03,ok,Coinbase 현물,https://api.exchange.coinbase.com/products/BTC-USD/candles?granularity=86400,https://www.coinbase.com/price/bitcoin,70↑ 과매수 / 30↓ 과매도
2026-10-04 12:55 KST,C.파생·가격,price_7d_pct,BTC 7일 가격 변화율,0.39,0.49,%,2026-10-03,ok,Coinbase 현물,https://api.exchange.coinbase.com/products/BTC-USD/candles?granularity=86400,https://www.coinbase.com/price/bitcoin,
2026-10-04 12:55 KST,C.파생·가격,oi,선물 미결제약정(OI),0.0,0.0,십억$,2026-10-03,ok,OKX 선물,https://www.okx.com/api/v5/rubik/stat/contracts/open-interest-volume?ccy=BTC&period=1D,https://www.okx.com/trade-swap/btc-usdt-swap,
2026-10-04 12:55 KST,C.파생·가격,oi_7d_pct,OI 7일 변화율,-100.0,-0.55,%,2026-10-03,ok,OKX 선물,https://www.okx.com/api/v5/rubik/stat/contracts/open-interest-volume?ccy=BTC&period=1D,https://www.okx.com/trade-swap/btc-usdt-swap,달러 기준 OI라 가격 변동이 섞여 있음
2026-10-04 12:55 KST,C.파생·가격,ls_account,롱/숏 계정비율,1.33,1.26,배,2026-10-03,ok,OKX 선물,https://www.okx.com/api/v5/rubik/stat/contracts/long-short-account-ratio?ccy=BTC&period=1D,https://www.okx.com/trade-swap/btc-usdt-swap,1 초과면 롱 우위
2026-10-04 12:55 KST,C.파생·가격,ls_account_pct,롱/숏 계정비율 분포 위치,66.7,66.7,백분위,2026-10-03,ok,OKX 선물,https://www.okx.com/api/v5/rubik/stat/contracts/long-short-account-ratio?ccy=BTC&period=1D,https://www.okx.com/trade-swap/btc-usdt-swap,OKX 선물 최근 30일 분포 기준. 높을수록 롱 쏠림
2026-10-04 12:55 KST,C.파생·가격,funding,펀딩비(최근 1회),0.0028,0.0034,%,2026-10-04 00:00 UTC,ok,OKX 선물,https://www.okx.com/api/v5/public/funding-rate-history?instId=BTC-USDT-SWAP&limit=6,https://www.okx.com/trade-swap/btc-usdt-swap,0.05%↑ 과열
2026-10-04 12:55 KST,C.파생·가격,funding_avg3,펀딩비 최근 3회 평균,0.0031,0.0039,%,2026-10-04 00:00 UTC,ok,OKX 선물,https://www.okx.com/api/v5/public/funding-rate-history?instId=BTC-USDT-SWAP&limit=6,https://www.okx.com/trade-swap/btc-usdt-swap,
2026-10-04 12:55 KST,C.파생·가격,dvol,DVOL(BTC 내재변동성),35.44,34.79,,2026-10-04 03:00 UTC,ok,Deribit,https://www.deribit.com/api/v2/public/get_volatility_index_data?currency=BTC&start_timestamp=1790826941708&end_timestamp=1791086141708&resolution=3600,https://www.deribit.com/statistics/BTC/volatility-index,
2026-10-04 12:55 KST,C.파생·가격,skew25,옵션 25델타 스큐(풋IV−콜IV),1.02,0.85,vol pt,2026-10-04 03:56 UTC,ok,Deribit,https://www.deribit.com/api/v2/public/get_instruments?currency=BTC&kind=option&expired=false,https://www.deribit.com/options/BTC,"만기 2026-10-30, 콜 BTC-30OCT26-91000-C / 풋 BTC-30OCT26-80000-P. 양수면 하방 헤지 수요 우위"
2026-10-04 12:55 KST,B.자금흐름,usdt_d,테더 도미넌스,6.324,6.356,%,2026-10-04 03:47 UTC,ok,CoinGecko,https://api.coingecko.com/api/v3/global,https://www.coingecko.com/en/global-charts,상승=위험회피 / TradingView USDT.D와 계산 방식 다름
2026-10-04 12:55 KST,B.자금흐름,total_mcap,전체 시가총액(TOTAL),2.9043,2.8897,조$,2026-10-04 03:47 UTC,ok,CoinGecko,https://api.coingecko.com/api/v3/global,https://www.coingecko.com/en/global-charts,
2026-10-04 12:55 KST,B.자금흐름,etf_total,BTC 현물 ETF 순유입(전체),102.7,-148.7,백만$,2026-10-01,ok,TFTC (SoSoValue·Farside 집계),https://www.tftc.io/bitcoin-etf-flows/data.json,https://www.tftc.io/bitcoin-etf-flows,1거래일 연속 순유입 / 집계 기준일 2026-10-01
2026-10-04 12:55 KST,B.자금흐름,etf_ibit,IBIT(블랙록) 순유입,195.6,-9.5,백만$,2026-10-01,ok,TFTC (SoSoValue·Farside 집계),https://www.tftc.io/bitcoin-etf-flows/data.json,https://www.tftc.io/bitcoin-etf-flows,
2026-10-04 12:55 KST,B.자금흐름,etf_5d_sum,ETF 5거래일 순유입 합계,185.7,185.7,백만$,2026-10-01,ok,TFTC (SoSoValue·Farside 집계),https://www.tftc.io/bitcoin-etf-flows/data.json,https://www.tftc.io/bitcoin-etf-flows,
2026-10-04 12:55 KST,B.자금흐름,etf_streak,ETF 연속일수(+유입/−유출),1,1,일,2026-10-01,ok,TFTC (SoSoValue·Farside 집계),https://www.tftc.io/bitcoin-etf-flows/data.json,https://www.tftc.io/bitcoin-etf-flows,
2026-10-04 12:55 KST,D.온체인,mvrv_z,MVRV Z-Score,1.0281,1.0198,,2026-09-27,ok,BGeometrics,https://bitcoin-data.com/v1/mvrv-zscore/last,https://charts.bgeometrics.com/,0 이하 역사적 매수구간 / 7 이상 과열
2026-10-04 12:55 KST,D.온체인,sth_mvrv,단기보유자 MVRV,1.16,1.15,,2026-09-27,ok,BGeometrics,https://bitcoin-data.com/v1/sth-mvrv/last,https://charts.bgeometrics.com/,
2026-10-04 12:55 KST,D.온체인,sth_rp,단기보유자 실현가(STH-RP),73070.0,73470.0,$,2026-09-27,ok,BGeometrics,https://bitcoin-data.com/v1/sth-mvrv/last,https://charts.bgeometrics.com/,가격 ÷ STH-MVRV로 계산 (가격 84762.0$). 가격이 위면 강세 유지
2026-10-04 12:55 KST,D.온체인,ex_in_btc,거래소 BTC 유입,11665.4,29853.0,BTC,2026-10-03,ok,Coin Metrics 커뮤니티,https://community-api.coinmetrics.io/v4/timeseries/asset-metrics?assets=btc&metrics=FlowInExNtv&frequency=1d&page_size=130&paging_from=end,https://charts.coinmetrics.io/crypto-data/,
2026-10-04 12:55 KST,D.온체인,ex_out_btc,거래소 BTC 유출,16606.0,33160.6,BTC,2026-10-03,ok,Coin Metrics 커뮤니티,https://community-api.coinmetrics.io/v4/timeseries/asset-metrics?assets=btc&metrics=FlowOutExNtv&frequency=1d&page_size=130&paging_from=end,https://charts.coinmetrics.io/crypto-data/,
2026-10-04 12:55 KST,D.온체인,ex_net_7d,거래소 순유입 7일 합,-20901.7,-25758.4,BTC,2026-10-03,ok,Coin Metrics 커뮤니티,https://community-api.coinmetrics.io/v4/timeseries/asset-metrics?assets=btc&metrics=FlowInExUSD&frequency=1d&page_size=130&paging_from=end,https://charts.coinmetrics.io/crypto-data/,
2026-10-04 12:55 KST,D.온체인,ex_net_7d_pct,거래소 순유입 7일 합 분포 위치,26.7,18.9,백분위,2026-10-03,ok,Coin Metrics 커뮤니티,https://community-api.coinmetrics.io/v4/timeseries/asset-metrics?assets=btc&metrics=FlowInExUSD&frequency=1d&page_size=130&paging_from=end,https://charts.coinmetrics.io/crypto-data/,최근 90일 분포 기준. 높을수록 매도 압력
2026-10-04 12:55 KST,D.온체인,ex_net_btc,거래소 BTC 순유입,-4940.5,-4355.7,BTC,2026-10-03,ok,Coin Metrics 커뮤니티,https://community-api.coinmetrics.io/v4/timeseries/asset-metrics?assets=btc&metrics=FlowInExNtv&frequency=1d&page_size=130&paging_from=end,https://charts.coinmetrics.io/crypto-data/,양수=매도 압력 / 음수=축적
2026-10-04 12:55 KST,D.온체인,ex_supply_30d_pct,거래소 보유량 30일 변화율,-1.14,-1.02,%,2026-10-03,ok,Coin Metrics 커뮤니티,https://community-api.coinmetrics.io/v4/timeseries/asset-metrics?assets=btc&metrics=SplyExNtv&frequency=1d&page_size=130&paging_from=end,https://charts.coinmetrics.io/crypto-data/,
2026-10-04 12:55 KST,D.온체인,ex_supply,거래소 BTC 보유량,2673624.0,2678292.0,BTC,2026-10-03,ok,Coin Metrics 커뮤니티,https://community-api.coinmetrics.io/v4/timeseries/asset-metrics?assets=btc&metrics=SplyExNtv&frequency=1d&page_size=130&paging_from=end,https://charts.coinmetrics.io/crypto-data/,
2026-10-04 12:55 KST,D.온체인,miner_to_ex,채굴자→거래소 유입,,,,,manual,수동 확인,,https://cryptoquant.com/asset/btc/chart/miner-flows,무료 소스 없음 → 수동 확인 목록 참고
2026-10-04 12:55 KST,D.온체인,whale_ratio_proxy,고래비율(근사),,,,,fail,Arkham + Coin Metrics,,https://intel.arkm.com/,Arkham 키 없음
2026-10-04 12:55 KST,Z.점수,score_ind_mvrv_z,점수: MVRV Z,0,,,2026-10-04,ok,점수 계산(coin_daily),,,MVRV Z 1.03
2026-10-04 12:55 KST,Z.점수,score_ind_sth,점수: 가격÷STH-RP,-1,,,2026-10-04,ok,점수 계산(coin_daily),,,가격÷STH-RP 1.160
2026-10-04 12:55 KST,Z.점수,score_ind_etf,점수: 현물 ETF 순유입,1,,,2026-10-04,ok,점수 계산(coin_daily),,,5일 합 +186백만$
2026-10-04 12:55 KST,Z.점수,score_ind_ex_net,점수: 거래소 순유입(7일),1,,,2026-10-04,ok,점수 계산(coin_daily),,,7일 순유입 분포 27백분위
2026-10-04 12:55 KST,Z.점수,score_ind_ex_supply,점수: 거래소 보유량(30일),1,,,2026-10-04,ok,점수 계산(coin_daily),,,30일 -1.14% (±0.5% 미만은 0점)
2026-10-04 12:55 KST,Z.점수,score_ind_whale,점수: 고래비율(근사),,,,2026-10-04,fail,점수 계산(coin_daily),,,값 없음
2026-10-04 12:55 KST,Z.점수,score_ind_usdt_d,점수: 테더 도미넌스(7일),0,,,2026-10-04,ok,점수 계산(coin_daily),,,7일 +0.0% (±3% 미만은 0점)
2026-10-04 12:55 KST,Z.점수,score_ind_funding,점수: 펀딩비,1,,,2026-10-04,ok,점수 계산(coin_daily),,,3회 평균 0.0031%
2026-10-04 12:55 KST,Z.점수,score_ind_rsi,점수: RSI(14),-1,,,2026-10-04,ok,점수 계산(coin_daily),,,RSI 63.6
2026-10-04 12:55 KST,Z.점수,score_ind_ls,점수: 롱/숏 비율,0,,,2026-10-04,ok,점수 계산(coin_daily),,,롱/숏 분포 67백분위
2026-10-04 12:55 KST,Z.점수,score_ind_oi,점수: 미결제약정(OI),0,,,2026-10-04,ok,점수 계산(coin_daily),,,"OI 7일 -100.0%, 가격 +0.4%"
2026-10-04 12:55 KST,Z.점수,score_ind_skew,점수: 옵션 스큐,-1,,,2026-10-04,ok,점수 계산(coin_daily),,,"+1.02 (풋 우위 확대, 전일 +0.85)"
2026-10-04 12:55 KST,Z.점수,score_ind_nasdaq,점수: 나스닥,1,,,2026-10-04,ok,점수 계산(coin_daily),,,50일선 위
2026-10-04 12:55 KST,Z.점수,score_ind_dxy,점수: DXY,-1,,,2026-10-04,ok,점수 계산(coin_daily),,,"101.93, 20일 +3.0% (상승)"
2026-10-04 12:55 KST,Z.점수,score_ind_usdjpy,점수: USD/JPY,0,,,2026-10-04,ok,점수 계산(coin_daily),,,157.83
2026-10-04 12:55 KST,Z.점수,score_ind_infl,점수: CPI·PCE,-1,,,2026-10-04,ok,점수 계산(coin_daily),,,둔화−재가속 합계 -2
2026-10-04 12:55 KST,Z.점수,score_ind_fomc,점수: 폴리마켓 금리인하,,,,2026-10-04,fail,점수 계산(coin_daily),,,FOMC 마켓 미설정 또는 값 없음
2026-10-04 12:55 KST,Z.점수,score_group_밸류에이션,그룹 점수: 밸류에이션,-25.0,,,2026-10-04,ok,점수 계산(coin_daily),,,
2026-10-04 12:55 KST,Z.점수,score_group_수급,그룹 점수: 수급,37.5,,,2026-10-04,ok,점수 계산(coin_daily),,,
2026-10-04 12:55 KST,Z.점수,score_group_파생·심리,그룹 점수: 파생·심리,-10.0,,,2026-10-04,ok,점수 계산(coin_daily),,,
2026-10-04 12:55 KST,Z.점수,score_group_매크로,그룹 점수: 매크로,-12.5,,,2026-10-04,ok,점수 계산(coin_daily),,,
2026-10-04 12:55 KST,Z.점수,score_total,총점,0.1,,,2026-10-04,ok,점수 계산(coin_daily),,,
2026-10-04 12:55 KST,Z.점수,score_avg3,3일 평균 총점,1.1,,,2026-10-04,ok,점수 계산(coin_daily),,,
2026-10-04 12:55 KST,Z.점수,score_coverage,판정 가능 비율,88.2,,,2026-10-04,ok,점수 계산(coin_daily),,,
2026-10-04 12:55 KST,Z.점수,judgment_raw,오늘 구간,중립,,,2026-10-04,ok,점수 계산(coin_daily),,,
2026-10-04 12:55 KST,Z.점수,judgment,판정,중립,,,2026-10-04,ok,점수 계산(coin_daily),,,
2026-10-04 12:55 KST,Z.점수,target,BTC 목표 비중(%),60,,,2026-10-04,ok,점수 계산(coin_daily),,,
2026-10-05 09:52 KST,A.매크로,nasdaq,나스닥 종합지수,27190.859,26871.6,pt,2026-10-02,ok,Yahoo Finance,yfinance:^IXIC,https://finance.yahoo.com/quote/%5EIXIC,
2026-10-05 09:52 KST,A.매크로,nasdaq_5d_pct,나스닥 5거래일 변화율,0.45,0.45,%,2026-10-02,ok,Yahoo Finance,yfinance:^IXIC,https://finance.yahoo.com/quote/%5EIXIC,
2026-10-05 09:52 KST,A.매크로,nasdaq_ma50,나스닥 50일 이평,26306.47,26306.47,pt,2026-10-02,ok,Yahoo Finance,yfinance:^IXIC,https://finance.yahoo.com/quote/%5EIXIC,종가가 이평 위면 추세 양호
2026-10-05 09:52 KST,A.매크로,dxy,달러인덱스(DXY),101.958,101.93,pt,2026-10-04,ok,Yahoo Finance,yfinance:DX-Y.NYB,https://finance.yahoo.com/quote/DX-Y.NYB,
2026-10-05 09:52 KST,A.매크로,dxy_20d_pct,DXY 20거래일 변화율,2.82,2.96,%,2026-10-04,ok,Yahoo Finance,yfinance:DX-Y.NYB,https://finance.yahoo.com/quote/DX-Y.NYB,
2026-10-05 09:52 KST,A.매크로,usdjpy,USD/JPY,157.81,157.927,엔,2026-10-05,ok,Yahoo Finance,yfinance:JPY=X,https://finance.yahoo.com/quote/JPY%3DX,
2026-10-05 09:52 KST,A.매크로,usdjpy_5d_pct,USD/JPY 5거래일 변화율,0.22,0.23,%,2026-10-05,ok,Yahoo Finance,yfinance:JPY=X,https://finance.yahoo.com/quote/JPY%3DX,
2026-10-05 09:52 KST,A.매크로,cpi_yoy,CPI 전년비,3.71,3.54,%,2026-08-01,ok,FRED,https://api.stlouisfed.org/fred/series/observations?series_id=CPIAUCSL&api_key=***&file_type=json&sort_order=desc&limit=24,https://fred.stlouisfed.org/series/CPIAUCSL,FRED 갱신일 2026-09-11 (발표 후 30일 이내)
2026-10-05 09:52 KST,A.매크로,core_cpi_yoy,근원 CPI 전년비,2.76,2.79,%,2026-08-01,ok,FRED,https://api.stlouisfed.org/fred/series/observations?series_id=CPILFESL&api_key=***&file_type=json&sort_order=desc&limit=24,https://fred.stlouisfed.org/series/CPILFESL,FRED 갱신일 2026-09-11 (발표 후 30일 이내)
2026-10-05 09:52 KST,A.매크로,pce_yoy,PCE 전년비,3.42,3.36,%,2026-08-01,ok,FRED,https://api.stlouisfed.org/fred/series/observations?series_id=PCEPI&api_key=***&file_type=json&sort_order=desc&limit=24,https://fred.stlouisfed.org/series/PCEPI,FRED 갱신일 2026-09-30 (발표 후 30일 이내)
2026-10-05 09:52 KST,A.매크로,core_pce_yoy,근원 PCE 전년비,3.01,2.98,%,2026-08-01,ok,FRED,https://api.stlouisfed.org/fred/series/observations?series_id=PCEPILFE&api_key=***&file_type=json&sort_order=desc&limit=24,https://fred.stlouisfed.org/series/PCEPILFE,FRED 갱신일 2026-09-30 (발표 후 30일 이내)
2026-10-05 09:52 KST,A.매크로,infl_signal,인플레이션 방향 합계,-2,-2,,2026-10-05,ok,FRED,,https://fred.stlouisfed.org/,최근 발표 지표 중 전년비 둔화 +1 / 재가속 −1의 합
2026-10-05 09:52 KST,C.파생·가격,btc_close,BTC 일봉 종가,86507.11,84742.22,USD,2026-10-04,ok,Coinbase 현물,https://api.exchange.coinbase.com/products/BTC-USD/candles?granularity=86400,https://www.coinbase.com/price/bitcoin,
2026-10-05 09:52 KST,C.파생·가격,rsi14,"RSI(14, 일봉)",68.52,63.62,,2026-10-04,ok,Coinbase 현물,https://api.exchange.coinbase.com/products/BTC-USD/candles?granularity=86400,https://www.coinbase.com/price/bitcoin,70↑ 과매수 / 30↓ 과매도
2026-10-05 09:52 KST,C.파생·가격,price_7d_pct,BTC 7일 가격 변화율,2.42,0.39,%,2026-10-04,ok,Coinbase 현물,https://api.exchange.coinbase.com/products/BTC-USD/candles?granularity=86400,https://www.coinbase.com/price/bitcoin,
2026-10-05 09:52 KST,C.파생·가격,oi,선물 미결제약정(OI),0.0,0.0,십억$,2026-10-04,ok,OKX 선물,https://www.okx.com/api/v5/rubik/stat/contracts/open-interest-volume?ccy=BTC&period=1D,https://www.okx.com/trade-swap/btc-usdt-swap,
2026-10-05 09:52 KST,C.파생·가격,oi_7d_pct,OI 7일 변화율,-100.0,-100.0,%,2026-10-04,ok,OKX 선물,https://www.okx.com/api/v5/rubik/stat/contracts/open-interest-volume?ccy=BTC&period=1D,https://www.okx.com/trade-swap/btc-usdt-swap,달러 기준 OI라 가격 변동이 섞여 있음
2026-10-05 09:52 KST,C.파생·가격,ls_account,롱/숏 계정비율,1.09,1.27,배,2026-10-04,ok,OKX 선물,https://www.okx.com/api/v5/rubik/stat/contracts/long-short-account-ratio?ccy=BTC&period=1D,https://www.okx.com/trade-swap/btc-usdt-swap,1 초과면 롱 우위
2026-10-05 09:52 KST,C.파생·가격,ls_account_pct,롱/숏 계정비율 분포 위치,30.0,66.7,백분위,2026-10-04,ok,OKX 선물,https://www.okx.com/api/v5/rubik/stat/contracts/long-short-account-ratio?ccy=BTC&period=1D,https://www.okx.com/trade-swap/btc-usdt-swap,OKX 선물 최근 30일 분포 기준. 높을수록 롱 쏠림
2026-10-05 09:52 KST,C.파생·가격,funding,펀딩비(최근 1회),0.0071,0.0048,%,2026-10-05 00:00 UTC,ok,OKX 선물,https://www.okx.com/api/v5/public/funding-rate-history?instId=BTC-USDT-SWAP&limit=6,https://www.okx.com/trade-swap/btc-usdt-swap,0.05%↑ 과열
2026-10-05 09:52 KST,C.파생·가격,funding_avg3,펀딩비 최근 3회 평균,0.0044,0.0031,%,2026-10-05 00:00 UTC,ok,OKX 선물,https://www.okx.com/api/v5/public/funding-rate-history?instId=BTC-USDT-SWAP&limit=6,https://www.okx.com/trade-swap/btc-usdt-swap,
2026-10-05 09:52 KST,C.파생·가격,dvol,DVOL(BTC 내재변동성),36.45,35.55,,2026-10-05 00:00 UTC,ok,Deribit,https://www.deribit.com/api/v2/public/get_volatility_index_data?currency=BTC&start_timestamp=1790902365165&end_timestamp=1791161565165&resolution=3600,https://www.deribit.com/statistics/BTC/volatility-index,
2026-10-05 09:52 KST,C.파생·가격,skew25,옵션 25델타 스큐(풋IV−콜IV),-0.25,1.02,vol pt,2026-10-05 00:53 UTC,ok,Deribit,https://www.deribit.com/api/v2/public/get_instruments?currency=BTC&kind=option&expired=false,https://www.deribit.com/options/BTC,"만기 2026-10-30, 콜 BTC-30OCT26-93000-C / 풋 BTC-30OCT26-82000-P. 양수면 하방 헤지 수요 우위"
2026-10-05 09:52 KST,B.자금흐름,usdt_d,테더 도미넌스,6.278,6.324,%,2026-10-05 00:49 UTC,ok,CoinGecko,https://api.coingecko.com/api/v3/global,https://www.coingecko.com/en/global-charts,상승=위험회피 / TradingView USDT.D와 계산 방식 다름
2026-10-05 09:52 KST,B.자금흐름,total_mcap,전체 시가총액(TOTAL),2.9259,2.9043,조$,2026-10-05 00:49 UTC,ok,CoinGecko,https://api.coingecko.com/api/v3/global,https://www.coingecko.com/en/global-charts,
2026-10-05 09:52 KST,B.자금흐름,etf_total,BTC 현물 ETF 순유입(전체),102.7,-148.7,백만$,2026-10-01,ok,TFTC (SoSoValue·Farside 집계),https://www.tftc.io/bitcoin-etf-flows/data.json,https://www.tftc.io/bitcoin-etf-flows,1거래일 연속 순유입 / 집계 기준일 2026-10-01
2026-10-05 09:52 KST,B.자금흐름,etf_ibit,IBIT(블랙록) 순유입,195.6,-9.5,백만$,2026-10-01,ok,TFTC (SoSoValue·Farside 집계),https://www.tftc.io/bitcoin-etf-flows/data.json,https://www.tftc.io/bitcoin-etf-flows,
2026-10-05 09:52 KST,B.자금흐름,etf_5d_sum,ETF 5거래일 순유입 합계,185.7,185.7,백만$,2026-10-01,ok,TFTC (SoSoValue·Farside 집계),https://www.tftc.io/bitcoin-etf-flows/data.json,https://www.tftc.io/bitcoin-etf-flows,
2026-10-05 09:52 KST,B.자금흐름,etf_streak,ETF 연속일수(+유입/−유출),1,1,일,2026-10-01,ok,TFTC (SoSoValue·Farside 집계),https://www.tftc.io/bitcoin-etf-flows/data.json,https://www.tftc.io/bitcoin-etf-flows,
2026-10-05 09:52 KST,D.온체인,mvrv_z,MVRV Z-Score,1.0316,1.0281,,2026-09-28,ok,BGeometrics,https://bitcoin-data.com/v1/mvrv-zscore/last,https://charts.bgeometrics.com/,0 이하 역사적 매수구간 / 7 이상 과열
2026-10-05 09:52 KST,D.온체인,sth_mvrv,단기보유자 MVRV,1.14,1.16,,2026-09-28,ok,BGeometrics,https://bitcoin-data.com/v1/sth-mvrv/last,https://charts.bgeometrics.com/,
2026-10-05 09:52 KST,D.온체인,sth_rp,단기보유자 실현가(STH-RP),75977.0,73070.0,$,2026-09-28,ok,BGeometrics,https://bitcoin-data.com/v1/sth-mvrv/last,https://charts.bgeometrics.com/,가격 ÷ STH-MVRV로 계산 (가격 86614.0$). 가격이 위면 강세 유지
2026-10-05 09:52 KST,D.온체인,ex_in_btc,거래소 BTC 유입,11665.4,29853.0,BTC,2026-10-03,ok,Coin Metrics 커뮤니티,https://community-api.coinmetrics.io/v4/timeseries/asset-metrics?assets=btc&metrics=FlowInExNtv&frequency=1d&page_size=130&paging_from=end,https://charts.coinmetrics.io/crypto-data/,
2026-10-05 09:52 KST,D.온체인,ex_out_btc,거래소 BTC 유출,16606.0,33160.6,BTC,2026-10-03,ok,Coin Metrics 커뮤니티,https://community-api.coinmetrics.io/v4/timeseries/asset-metrics?assets=btc&metrics=FlowOutExNtv&frequency=1d&page_size=130&paging_from=end,https://charts.coinmetrics.io/crypto-data/,
2026-10-05 09:52 KST,D.온체인,ex_net_7d,거래소 순유입 7일 합,-20901.7,-20901.7,BTC,2026-10-03,ok,Coin Metrics 커뮤니티,https://community-api.coinmetrics.io/v4/timeseries/asset-metrics?assets=btc&metrics=FlowInExUSD&frequency=1d&page_size=130&paging_from=end,https://charts.coinmetrics.io/crypto-data/,
2026-10-05 09:52 KST,D.온체인,ex_net_7d_pct,거래소 순유입 7일 합 분포 위치,26.7,26.7,백분위,2026-10-03,ok,Coin Metrics 커뮤니티,https://community-api.coinmetrics.io/v4/timeseries/asset-metrics?assets=btc&metrics=FlowInExUSD&frequency=1d&page_size=130&paging_from=end,https://charts.coinmetrics.io/crypto-data/,최근 90일 분포 기준. 높을수록 매도 압력
2026-10-05 09:52 KST,D.온체인,ex_net_btc,거래소 BTC 순유입,-4940.5,-4940.5,BTC,2026-10-03,ok,Coin Metrics 커뮤니티,https://community-api.coinmetrics.io/v4/timeseries/asset-metrics?assets=btc&metrics=FlowInExNtv&frequency=1d&page_size=130&paging_from=end,https://charts.coinmetrics.io/crypto-data/,양수=매도 압력 / 음수=축적
2026-10-05 09:52 KST,D.온체인,ex_supply_30d_pct,거래소 보유량 30일 변화율,-1.14,-1.14,%,2026-10-03,ok,Coin Metrics 커뮤니티,https://community-api.coinmetrics.io/v4/timeseries/asset-metrics?assets=btc&metrics=SplyExNtv&frequency=1d&page_size=130&paging_from=end,https://charts.coinmetrics.io/crypto-data/,
2026-10-05 09:52 KST,D.온체인,ex_supply,거래소 BTC 보유량,2673624.0,2678292.0,BTC,2026-10-03,ok,Coin Metrics 커뮤니티,https://community-api.coinmetrics.io/v4/timeseries/asset-metrics?assets=btc&metrics=SplyExNtv&frequency=1d&page_size=130&paging_from=end,https://charts.coinmetrics.io/crypto-data/,
2026-10-05 09:52 KST,D.온체인,miner_to_ex,채굴자→거래소 유입,,,,,manual,수동 확인,,https://cryptoquant.com/asset/btc/chart/miner-flows,무료 소스 없음 → 수동 확인 목록 참고
2026-10-05 09:52 KST,D.온체인,whale_ratio_proxy,고래비율(근사),,,,,fail,Arkham + Coin Metrics,,https://intel.arkm.com/,Arkham 키 없음
2026-10-05 09:52 KST,Z.점수,score_ind_mvrv_z,점수: MVRV Z,0,,,2026-10-05,ok,점수 계산(coin_daily),,,MVRV Z 1.03
2026-10-05 09:52 KST,Z.점수,score_ind_sth,점수: 가격÷STH-RP,0,,,2026-10-05,ok,점수 계산(coin_daily),,,가격÷STH-RP 1.140
2026-10-05 09:52 KST,Z.점수,score_ind_etf,점수: 현물 ETF 순유입,1,,,2026-10-05,ok,점수 계산(coin_daily),,,5일 합 +186백만$
2026-10-05 09:52 KST,Z.점수,score_ind_ex_net,점수: 거래소 순유입(7일),1,,,2026-10-05,ok,점수 계산(coin_daily),,,7일 순유입 분포 27백분위
2026-10-05 09:52 KST,Z.점수,score_ind_ex_supply,점수: 거래소 보유량(30일),1,,,2026-10-05,ok,점수 계산(coin_daily),,,30일 -1.14% (±0.5% 미만은 0점)
2026-10-05 09:52 KST,Z.점수,score_ind_whale,점수: 고래비율(근사),,,,2026-10-05,fail,점수 계산(coin_daily),,,값 없음
2026-10-05 09:52 KST,Z.점수,score_ind_usdt_d,점수: 테더 도미넌스(7일),0,,,2026-10-05,ok,점수 계산(coin_daily),,,7일 -1.6% (±3% 미만은 0점)
2026-10-05 09:52 KST,Z.점수,score_ind_funding,점수: 펀딩비,1,,,2026-10-05,ok,점수 계산(coin_daily),,,3회 평균 0.0044%
2026-10-05 09:52 KST,Z.점수,score_ind_rsi,점수: RSI(14),-1,,,2026-10-05,ok,점수 계산(coin_daily),,,RSI 68.5
2026-10-05 09:52 KST,Z.점수,score_ind_ls,점수: 롱/숏 비율,1,,,2026-10-05,ok,점수 계산(coin_daily),,,롱/숏 분포 30백분위
2026-10-05 09:52 KST,Z.점수,score_ind_oi,점수: 미결제약정(OI),0,,,2026-10-05,ok,점수 계산(coin_daily),,,"OI 7일 -100.0%, 가격 +2.4%"
2026-10-05 09:52 KST,Z.점수,score_ind_skew,점수: 옵션 스큐,1,,,2026-10-05,ok,점수 계산(coin_daily),,,-0.25 (콜 우위)
2026-10-05 09:52 KST,Z.점수,score_ind_nasdaq,점수: 나스닥,1,,,2026-10-05,ok,점수 계산(coin_daily),,,50일선 위
2026-10-05 09:52 KST,Z.점수,score_ind_dxy,점수: DXY,-1,,,2026-10-05,ok,점수 계산(coin_daily),,,"101.96, 20일 +2.8% (상승)"
2026-10-05 09:52 KST,Z.점수,score_ind_usdjpy,점수: USD/JPY,0,,,2026-10-05,ok,점수 계산(coin_daily),,,157.81
2026-10-05 09:52 KST,Z.점수,score_ind_infl,점수: CPI·PCE,-1,,,2026-10-05,ok,점수 계산(coin_daily),,,둔화−재가속 합계 -2
2026-10-05 09:52 KST,Z.점수,score_ind_fomc,점수: 폴리마켓 금리인하,,,,2026-10-05,fail,점수 계산(coin_daily),,,FOMC 마켓 미설정 또는 값 없음
2026-10-05 09:52 KST,Z.점수,score_group_밸류에이션,그룹 점수: 밸류에이션,0.0,,,2026-10-05,ok,점수 계산(coin_daily),,,
2026-10-05 09:52 KST,Z.점수,score_group_수급,그룹 점수: 수급,37.5,,,2026-10-05,ok,점수 계산(coin_daily),,,
2026-10-05 09:52 KST,Z.점수,score_group_파생·심리,그룹 점수: 파생·심리,20.0,,,2026-10-05,ok,점수 계산(coin_daily),,,
2026-10-05 09:52 KST,Z.점수,score_group_매크로,그룹 점수: 매크로,-12.5,,,2026-10-05,ok,점수 계산(coin_daily),,,
2026-10-05 09:52 KST,Z.점수,score_total,총점,15.4,,,2026-10-05,ok,점수 계산(coin_daily),,,
2026-10-05 09:52 KST,Z.점수,score_avg3,3일 평균 총점,6.2,,,2026-10-05,ok,점수 계산(coin_daily),,,
2026-10-05 09:52 KST,Z.점수,score_coverage,판정 가능 비율,88.2,,,2026-10-05,ok,점수 계산(coin_daily),,,
2026-10-05 09:52 KST,Z.점수,judgment_raw,오늘 구간,중립,,,2026-10-05,ok,점수 계산(coin_daily),,,
2026-10-05 09:52 KST,Z.점수,judgment,판정,중립,,,2026-10-05,ok,점수 계산(coin_daily),,,
2026-10-05 09:52 KST,Z.점수,target,BTC 목표 비중(%),60,,,2026-10-05,ok,점수 계산(coin_daily),,,
2026-10-06 09:52 KST,A.매크로,nasdaq,나스닥 종합지수,27477.311,27190.859,pt,2026-10-05,ok,Yahoo Finance,yfinance:^IXIC,https://finance.yahoo.com/quote/%5EIXIC,
2026-10-06 09:52 KST,A.매크로,nasdaq_5d_pct,나스닥 5거래일 변화율,2.45,0.45,%,2026-10-05,ok,Yahoo Finance,yfinance:^IXIC,https://finance.yahoo.com/quote/%5EIXIC,
2026-10-06 09:52 KST,A.매크로,nasdaq_ma50,나스닥 50일 이평,26356.5,26306.47,pt,2026-10-05,ok,Yahoo Finance,yfinance:^IXIC,https://finance.yahoo.com/quote/%5EIXIC,종가가 이평 위면 추세 양호
2026-10-06 09:52 KST,A.매크로,dxy,달러인덱스(DXY),102.159,101.93,pt,2026-10-05,ok,Yahoo Finance,yfinance:DX-Y.NYB,https://finance.yahoo.com/quote/DX-Y.NYB,
2026-10-06 09:52 KST,A.매크로,dxy_20d_pct,DXY 20거래일 변화율,3.02,2.82,%,2026-10-05,ok,Yahoo Finance,yfinance:DX-Y.NYB,https://finance.yahoo.com/quote/DX-Y.NYB,
2026-10-06 09:52 KST,A.매크로,usdjpy,USD/JPY,157.884,157.734,엔,2026-10-06,ok,Yahoo Finance,yfinance:JPY=X,https://finance.yahoo.com/quote/JPY%3DX,
2026-10-06 09:52 KST,A.매크로,usdjpy_5d_pct,USD/JPY 5거래일 변화율,0.33,0.22,%,2026-10-06,ok,Yahoo Finance,yfinance:JPY=X,https://finance.yahoo.com/quote/JPY%3DX,
2026-10-06 09:52 KST,A.매크로,cpi_yoy,CPI 전년비,3.71,3.54,%,2026-08-01,ok,FRED,https://api.stlouisfed.org/fred/series/observations?series_id=CPIAUCSL&api_key=***&file_type=json&sort_order=desc&limit=24,https://fred.stlouisfed.org/series/CPIAUCSL,FRED 갱신일 2026-09-11 (발표 후 30일 이내)
2026-10-06 09:52 KST,A.매크로,core_cpi_yoy,근원 CPI 전년비,2.76,2.79,%,2026-08-01,ok,FRED,https://api.stlouisfed.org/fred/series/observations?series_id=CPILFESL&api_key=***&file_type=json&sort_order=desc&limit=24,https://fred.stlouisfed.org/series/CPILFESL,FRED 갱신일 2026-09-11 (발표 후 30일 이내)
2026-10-06 09:52 KST,A.매크로,pce_yoy,PCE 전년비,3.42,3.36,%,2026-08-01,ok,FRED,https://api.stlouisfed.org/fred/series/observations?series_id=PCEPI&api_key=***&file_type=json&sort_order=desc&limit=24,https://fred.stlouisfed.org/series/PCEPI,FRED 갱신일 2026-09-30 (발표 후 30일 이내)
2026-10-06 09:52 KST,A.매크로,core_pce_yoy,근원 PCE 전년비,3.01,2.98,%,2026-08-01,ok,FRED,https://api.stlouisfed.org/fred/series/observations?series_id=PCEPILFE&api_key=***&file_type=json&sort_order=desc&limit=24,https://fred.stlouisfed.org/series/PCEPILFE,FRED 갱신일 2026-09-30 (발표 후 30일 이내)
2026-10-06 09:52 KST,A.매크로,infl_signal,인플레이션 방향 합계,-2,-2,,2026-10-06,ok,FRED,,https://fred.stlouisfed.org/,최근 발표 지표 중 전년비 둔화 +1 / 재가속 −1의 합
2026-10-06 09:52 KST,C.파생·가격,btc_close,BTC 일봉 종가,85748.96,86507.11,USD,2026-10-05,ok,Coinbase 현물,https://api.exchange.coinbase.com/products/BTC-USD/candles?granularity=86400,https://www.coinbase.com/price/bitcoin,
2026-10-06 09:52 KST,C.파생·가격,rsi14,"RSI(14, 일봉)",64.5,68.52,,2026-10-05,ok,Coinbase 현물,https://api.exchange.coinbase.com/products/BTC-USD/candles?granularity=86400,https://www.coinbase.com/price/bitcoin,70↑ 과매수 / 30↓ 과매도
2026-10-06 09:52 KST,C.파생·가격,price_7d_pct,BTC 7일 가격 변화율,2.75,2.42,%,2026-10-05,ok,Coinbase 현물,https://api.exchange.coinbase.com/products/BTC-USD/candles?granularity=86400,https://www.coinbase.com/price/bitcoin,
2026-10-06 09:52 KST,C.파생·가격,oi,선물 미결제약정(OI),0.0,0.0,십억$,2026-10-05,ok,OKX 선물,https://www.okx.com/api/v5/rubik/stat/contracts/open-interest-volume?ccy=BTC&period=1D,https://www.okx.com/trade-swap/btc-usdt-swap,
2026-10-06 09:52 KST,C.파생·가격,oi_7d_pct,OI 7일 변화율,-100.0,-100.0,%,2026-10-05,ok,OKX 선물,https://www.okx.com/api/v5/rubik/stat/contracts/open-interest-volume?ccy=BTC&period=1D,https://www.okx.com/trade-swap/btc-usdt-swap,달러 기준 OI라 가격 변동이 섞여 있음
2026-10-06 09:52 KST,C.파생·가격,ls_account,롱/숏 계정비율,1.18,1.12,배,2026-10-05,ok,OKX 선물,https://www.okx.com/api/v5/rubik/stat/contracts/long-short-account-ratio?ccy=BTC&period=1D,https://www.okx.com/trade-swap/btc-usdt-swap,1 초과면 롱 우위
2026-10-06 09:52 KST,C.파생·가격,ls_account_pct,롱/숏 계정비율 분포 위치,33.3,30.0,백분위,2026-10-05,ok,OKX 선물,https://www.okx.com/api/v5/rubik/stat/contracts/long-short-account-ratio?ccy=BTC&period=1D,https://www.okx.com/trade-swap/btc-usdt-swap,OKX 선물 최근 30일 분포 기준. 높을수록 롱 쏠림
2026-10-06 09:52 KST,C.파생·가격,funding,펀딩비(최근 1회),-0.0002,0.0027,%,2026-10-06 00:00 UTC,ok,OKX 선물,https://www.okx.com/api/v5/public/funding-rate-history?instId=BTC-USDT-SWAP&limit=6,https://www.okx.com/trade-swap/btc-usdt-swap,0.05%↑ 과열
2026-10-06 09:52 KST,C.파생·가격,funding_avg3,펀딩비 최근 3회 평균,0.0023,0.0044,%,2026-10-06 00:00 UTC,ok,OKX 선물,https://www.okx.com/api/v5/public/funding-rate-history?instId=BTC-USDT-SWAP&limit=6,https://www.okx.com/trade-swap/btc-usdt-swap,
2026-10-06 09:52 KST,C.파생·가격,dvol,DVOL(BTC 내재변동성),36.11,36.48,,2026-10-06 00:00 UTC,ok,Deribit,https://www.deribit.com/api/v2/public/get_volatility_index_data?currency=BTC&start_timestamp=1790988729143&end_timestamp=1791247929143&resolution=3600,https://www.deribit.com/statistics/BTC/volatility-index,
2026-10-06 09:52 KST,C.파생·가격,skew25,옵션 25델타 스큐(풋IV−콜IV),0.83,-0.25,vol pt,2026-10-06 00:52 UTC,ok,Deribit,https://www.deribit.com/api/v2/public/get_instruments?currency=BTC&kind=option&expired=false,https://www.deribit.com/options/BTC,"만기 2026-10-30, 콜 BTC-30OCT26-92000-C / 풋 BTC-30OCT26-81000-P. 양수면 하방 헤지 수요 우위"
2026-10-06 09:52 KST,B.자금흐름,usdt_d,테더 도미넌스,6.264,6.278,%,2026-10-06 00:42 UTC,ok,CoinGecko,https://api.coingecko.com/api/v3/global,https://www.coingecko.com/en/global-charts,상승=위험회피 / TradingView USDT.D와 계산 방식 다름
2026-10-06 09:52 KST,B.자금흐름,total_mcap,전체 시가총액(TOTAL),2.9342,2.9259,조$,2026-10-06 00:42 UTC,ok,CoinGecko,https://api.coingecko.com/api/v3/global,https://www.coingecko.com/en/global-charts,
2026-10-06 09:52 KST,B.자금흐름,etf_total,BTC 현물 ETF 순유입(전체),189.8,102.7,백만$,2026-10-02,ok,TFTC (SoSoValue·Farside 집계),https://www.tftc.io/bitcoin-etf-flows/data.json,https://www.tftc.io/bitcoin-etf-flows,2거래일 연속 순유입 / 집계 기준일 2026-10-02
2026-10-06 09:52 KST,B.자금흐름,etf_ibit,IBIT(블랙록) 순유입,158.2,195.6,백만$,2026-10-02,ok,TFTC (SoSoValue·Farside 집계),https://www.tftc.io/bitcoin-etf-flows/data.json,https://www.tftc.io/bitcoin-etf-flows,
2026-10-06 09:52 KST,B.자금흐름,etf_5d_sum,ETF 5거래일 순유입 합계,241.1,185.7,백만$,2026-10-02,ok,TFTC (SoSoValue·Farside 집계),https://www.tftc.io/bitcoin-etf-flows/data.json,https://www.tftc.io/bitcoin-etf-flows,
2026-10-06 09:52 KST,B.자금흐름,etf_streak,ETF 연속일수(+유입/−유출),2,1,일,2026-10-02,ok,TFTC (SoSoValue·Farside 집계),https://www.tftc.io/bitcoin-etf-flows/data.json,https://www.tftc.io/bitcoin-etf-flows,
2026-10-06 09:52 KST,D.온체인,mvrv_z,MVRV Z-Score,0.9998,1.0316,,2026-09-29,ok,BGeometrics,https://bitcoin-data.com/v1/mvrv-zscore/last,https://charts.bgeometrics.com/,0 이하 역사적 매수구간 / 7 이상 과열
2026-10-06 09:52 KST,D.온체인,sth_mvrv,단기보유자 MVRV,1.14,1.14,,2026-09-29,ok,BGeometrics,https://bitcoin-data.com/v1/sth-mvrv/last,https://charts.bgeometrics.com/,
2026-10-06 09:52 KST,D.온체인,sth_rp,단기보유자 실현가(STH-RP),75354.0,75977.0,$,2026-09-29,ok,BGeometrics,https://bitcoin-data.com/v1/sth-mvrv/last,https://charts.bgeometrics.com/,가격 ÷ STH-MVRV로 계산 (가격 85904.0$). 가격이 위면 강세 유지
2026-10-06 09:52 KST,D.온체인,ex_in_btc,거래소 BTC 유입,13724.2,11665.4,BTC,2026-10-04,ok,Coin Metrics 커뮤니티,https://community-api.coinmetrics.io/v4/timeseries/asset-metrics?assets=btc&metrics=FlowInExNtv&frequency=1d&page_size=130&paging_from=end,https://charts.coinmetrics.io/crypto-data/,
2026-10-06 09:52 KST,D.온체인,ex_out_btc,거래소 BTC 유출,15887.2,16606.0,BTC,2026-10-04,ok,Coin Metrics 커뮤니티,https://community-api.coinmetrics.io/v4/timeseries/asset-metrics?assets=btc&metrics=FlowOutExNtv&frequency=1d&page_size=130&paging_from=end,https://charts.coinmetrics.io/crypto-data/,
2026-10-06 09:52 KST,D.온체인,ex_net_7d,거래소 순유입 7일 합,-19602.1,-20901.7,BTC,2026-10-04,ok,Coin Metrics 커뮤니티,https://community-api.coinmetrics.io/v4/timeseries/asset-metrics?assets=btc&metrics=FlowInExUSD&frequency=1d&page_size=130&paging_from=end,https://charts.coinmetrics.io/crypto-data/,
2026-10-06 09:52 KST,D.온체인,ex_net_7d_pct,거래소 순유입 7일 합 분포 위치,28.9,26.7,백분위,2026-10-04,ok,Coin Metrics 커뮤니티,https://community-api.coinmetrics.io/v4/timeseries/asset-metrics?assets=btc&metrics=FlowInExUSD&frequency=1d&page_size=130&paging_from=end,https://charts.coinmetrics.io/crypto-data/,최근 90일 분포 기준. 높을수록 매도 압력
2026-10-06 09:52 KST,D.온체인,ex_net_btc,거래소 BTC 순유입,-2163.0,-4940.5,BTC,2026-10-04,ok,Coin Metrics 커뮤니티,https://community-api.coinmetrics.io/v4/timeseries/asset-metrics?assets=btc&metrics=FlowInExNtv&frequency=1d&page_size=130&paging_from=end,https://charts.coinmetrics.io/crypto-data/,양수=매도 압력 / 음수=축적
2026-10-06 09:52 KST,D.온체인,ex_supply_30d_pct,거래소 보유량 30일 변화율,-0.96,-1.14,%,2026-10-04,ok,Coin Metrics 커뮤니티,https://community-api.coinmetrics.io/v4/timeseries/asset-metrics?assets=btc&metrics=SplyExNtv&frequency=1d&page_size=130&paging_from=end,https://charts.coinmetrics.io/crypto-data/,
2026-10-06 09:52 KST,D.온체인,ex_supply,거래소 BTC 보유량,2675689.0,2673624.0,BTC,2026-10-04,ok,Coin Metrics 커뮤니티,https://community-api.coinmetrics.io/v4/timeseries/asset-metrics?assets=btc&metrics=SplyExNtv&frequency=1d&page_size=130&paging_from=end,https://charts.coinmetrics.io/crypto-data/,
2026-10-06 09:52 KST,D.온체인,miner_to_ex,채굴자→거래소 유입,,,,,manual,수동 확인,,https://cryptoquant.com/asset/btc/chart/miner-flows,무료 소스 없음 → 수동 확인 목록 참고
2026-10-06 09:52 KST,D.온체인,whale_ratio_proxy,고래비율(근사),,,,,fail,Arkham + Coin Metrics,,https://intel.arkm.com/,Arkham 키 없음
2026-10-06 09:52 KST,Z.점수,score_ind_mvrv_z,점수: MVRV Z,1,,,2026-10-06,ok,점수 계산(coin_daily),,,MVRV Z 1.00
2026-10-06 09:52 KST,Z.점수,score_ind_sth,점수: 가격÷STH-RP,0,,,2026-10-06,ok,점수 계산(coin_daily),,,가격÷STH-RP 1.140
2026-10-06 09:52 KST,Z.점수,score_ind_etf,점수: 현물 ETF 순유입,1,,,2026-10-06,ok,점수 계산(coin_daily),,,5일 합 +241백만$
2026-10-06 09:52 KST,Z.점수,score_ind_ex_net,점수: 거래소 순유입(7일),1,,,2026-10-06,ok,점수 계산(coin_daily),,,7일 순유입 분포 29백분위
2026-10-06 09:52 KST,Z.점수,score_ind_ex_supply,점수: 거래소 보유량(30일),1,,,2026-10-06,ok,점수 계산(coin_daily),,,30일 -0.96% (±0.5% 미만은 0점)
2026-10-06 09:52 KST,Z.점수,score_ind_whale,점수: 고래비율(근사),,,,2026-10-06,fail,점수 계산(coin_daily),,,값 없음
2026-10-06 09:52 KST,Z.점수,score_ind_usdt_d,점수: 테더 도미넌스(7일),0,,,2026-10-06,ok,점수 계산(coin_daily),,,7일 -1.8% (±3% 미만은 0점)
2026-10-06 09:52 KST,Z.점수,score_ind_funding,점수: 펀딩비,1,,,2026-10-06,ok,점수 계산(coin_daily),,,3회 평균 0.0023%
2026-10-06 09:52 KST,Z.점수,score_ind_rsi,점수: RSI(14),-1,,,2026-10-06,ok,점수 계산(coin_daily),,,RSI 64.5
2026-10-06 09:52 KST,Z.점수,score_ind_ls,점수: 롱/숏 비율,0,,,2026-10-06,ok,점수 계산(coin_daily),,,롱/숏 분포 33백분위
2026-10-06 09:52 KST,Z.점수,score_ind_oi,점수: 미결제약정(OI),0,,,2026-10-06,ok,점수 계산(coin_daily),,,"OI 7일 -100.0%, 가격 +2.8%"
2026-10-06 09:52 KST,Z.점수,score_ind_skew,점수: 옵션 스큐,-1,,,2026-10-06,ok,점수 계산(coin_daily),,,"+0.83 (풋 우위 확대, 전일 -0.25)"
2026-10-06 09:52 KST,Z.점수,score_ind_nasdaq,점수: 나스닥,1,,,2026-10-06,ok,점수 계산(coin_daily),,,50일선 위
2026-10-06 09:52 KST,Z.점수,score_ind_dxy,점수: DXY,-1,,,2026-10-06,ok,점수 계산(coin_daily),,,"102.16, 20일 +3.0% (상승)"
2026-10-06 09:52 KST,Z.점수,score_ind_usdjpy,점수: USD/JPY,0,,,2026-10-06,ok,점수 계산(coin_daily),,,157.88
2026-10-06 09:52 KST,Z.점수,score_ind_infl,점수: CPI·PCE,-1,,,2026-10-06,ok,점수 계산(coin_daily),,,둔화−재가속 합계 -2
2026-10-06 09:52 KST,Z.점수,score_ind_fomc,점수: 폴리마켓 금리인하,,,,2026-10-06,fail,점수 계산(coin_daily),,,FOMC 마켓 미설정 또는 값 없음
2026-10-06 09:52 KST,Z.점수,score_group_밸류에이션,그룹 점수: 밸류에이션,25.0,,,2026-10-06,ok,점수 계산(coin_daily),,,
2026-10-06 09:52 KST,Z.점수,score_group_수급,그룹 점수: 수급,37.5,,,2026-10-06,ok,점수 계산(coin_daily),,,
2026-10-06 09:52 KST,Z.점수,score_group_파생·심리,그룹 점수: 파생·심리,-10.0,,,2026-10-06,ok,점수 계산(coin_daily),,,
2026-10-06 09:52 KST,Z.점수,score_group_매크로,그룹 점수: 매크로,-12.5,,,2026-10-06,ok,점수 계산(coin_daily),,,
2026-10-06 09:52 KST,Z.점수,score_total,총점,12.6,,,2026-10-06,ok,점수 계산(coin_daily),,,
2026-10-06 09:52 KST,Z.점수,score_avg3,3일 평균 총점,9.4,,,2026-10-06,ok,점수 계산(coin_daily),,,
2026-10-06 09:52 KST,Z.점수,score_coverage,판정 가능 비율,88.2,,,2026-10-06,ok,점수 계산(coin_daily),,,
2026-10-06 09:52 KST,Z.점수,judgment_raw,오늘 구간,중립,,,2026-10-06,ok,점수 계산(coin_daily),,,
2026-10-06 09:52 KST,Z.점수,judgment,판정,중립,,,2026-10-06,ok,점수 계산(coin_daily),,,
2026-10-06 09:52 KST,Z.점수,target,BTC 목표 비중(%),60,,,2026-10-06,ok,점수 계산(coin_daily),,,
2026-10-07 09:54 KST,A.매크로,nasdaq,나스닥 종합지수,27599.887,27477.311,pt,2026-10-06,ok,Yahoo Finance,yfinance:^IXIC,https://finance.yahoo.com/quote/%5EIXIC,
2026-10-07 09:54 KST,A.매크로,nasdaq_5d_pct,나스닥 5거래일 변화율,2.99,2.45,%,2026-10-06,ok,Yahoo Finance,yfinance:^IXIC,https://finance.yahoo.com/quote/%5EIXIC,
2026-10-07 09:54 KST,A.매크로,nasdaq_ma50,나스닥 50일 이평,26409.86,26356.5,pt,2026-10-06,ok,Yahoo Finance,yfinance:^IXIC,https://finance.yahoo.com/quote/%5EIXIC,종가가 이평 위면 추세 양호
2026-10-07 09:54 KST,A.매크로,dxy,달러인덱스(DXY),101.938,102.17,pt,2026-10-06,ok,Yahoo Finance,yfinance:DX-Y.NYB,https://finance.yahoo.com/quote/DX-Y.NYB,
2026-10-07 09:54 KST,A.매크로,dxy_20d_pct,DXY 20거래일 변화율,3.13,3.02,%,2026-10-06,ok,Yahoo Finance,yfinance:DX-Y.NYB,https://finance.yahoo.com/quote/DX-Y.NYB,
2026-10-07 09:54 KST,A.매크로,usdjpy,USD/JPY,158.445,157.963,엔,2026-10-07,ok,Yahoo Finance,yfinance:JPY=X,https://finance.yahoo.com/quote/JPY%3DX,
2026-10-07 09:54 KST,A.매크로,usdjpy_5d_pct,USD/JPY 5거래일 변화율,0.66,0.33,%,2026-10-07,ok,Yahoo Finance,yfinance:JPY=X,https://finance.yahoo.com/quote/JPY%3DX,
2026-10-07 09:54 KST,A.매크로,cpi_yoy,CPI 전년비,3.71,3.54,%,2026-08-01,ok,FRED,https://api.stlouisfed.org/fred/series/observations?series_id=CPIAUCSL&api_key=***&file_type=json&sort_order=desc&limit=24,https://fred.stlouisfed.org/series/CPIAUCSL,FRED 갱신일 2026-09-11 (발표 후 30일 이내)
2026-10-07 09:54 KST,A.매크로,core_cpi_yoy,근원 CPI 전년비,2.76,2.79,%,2026-08-01,ok,FRED,https://api.stlouisfed.org/fred/series/observations?series_id=CPILFESL&api_key=***&file_type=json&sort_order=desc&limit=24,https://fred.stlouisfed.org/series/CPILFESL,FRED 갱신일 2026-09-11 (발표 후 30일 이내)
2026-10-07 09:54 KST,A.매크로,pce_yoy,PCE 전년비,3.42,3.36,%,2026-08-01,ok,FRED,https://api.stlouisfed.org/fred/series/observations?series_id=PCEPI&api_key=***&file_type=json&sort_order=desc&limit=24,https://fred.stlouisfed.org/series/PCEPI,FRED 갱신일 2026-09-30 (발표 후 30일 이내)
2026-10-07 09:54 KST,A.매크로,core_pce_yoy,근원 PCE 전년비,3.01,2.98,%,2026-08-01,ok,FRED,https://api.stlouisfed.org/fred/series/observations?series_id=PCEPILFE&api_key=***&file_type=json&sort_order=desc&limit=24,https://fred.stlouisfed.org/series/PCEPILFE,FRED 갱신일 2026-09-30 (발표 후 30일 이내)
2026-10-07 09:54 KST,A.매크로,infl_signal,인플레이션 방향 합계,-2,-2,,2026-10-07,ok,FRED,,https://fred.stlouisfed.org/,최근 발표 지표 중 전년비 둔화 +1 / 재가속 −1의 합
2026-10-07 09:54 KST,C.파생·가격,btc_close,BTC 일봉 종가,85539.77,85748.96,USD,2026-10-06,ok,Coinbase 현물,https://api.exchange.coinbase.com/products/BTC-USD/candles?granularity=86400,https://www.coinbase.com/price/bitcoin,
2026-10-07 09:54 KST,C.파생·가격,rsi14,"RSI(14, 일봉)",63.39,64.5,,2026-10-06,ok,Coinbase 현물,https://api.exchange.coinbase.com/products/BTC-USD/candles?granularity=86400,https://www.coinbase.com/price/bitcoin,70↑ 과매수 / 30↓ 과매도
2026-10-07 09:54 KST,C.파생·가격,price_7d_pct,BTC 7일 가격 변화율,2.27,2.75,%,2026-10-06,ok,Coinbase 현물,https://api.exchange.coinbase.com/products/BTC-USD/candles?granularity=86400,https://www.coinbase.com/price/bitcoin,
2026-10-07 09:54 KST,C.파생·가격,oi,선물 미결제약정(OI),3.33,3.21,십억$,2026-10-06,ok,OKX 선물,https://www.okx.com/api/v5/rubik/stat/contracts/open-interest-volume?ccy=BTC&period=1D,https://www.okx.com/trade-swap/btc-usdt-swap,
2026-10-07 09:54 KST,C.파생·가격,oi_7d_pct,OI 7일 변화율,7.57,-100.0,%,2026-10-06,ok,OKX 선물,https://www.okx.com/api/v5/rubik/stat/contracts/open-interest-volume?ccy=BTC&period=1D,https://www.okx.com/trade-swap/btc-usdt-swap,달러 기준 OI라 가격 변동이 섞여 있음
2026-10-07 09:54 KST,C.파생·가격,ls_account,롱/숏 계정비율,1.23,0.98,배,2026-10-06,ok,OKX 선물,https://www.okx.com/api/v5/rubik/stat/contracts/long-short-account-ratio?ccy=BTC&period=1D,https://www.okx.com/trade-swap/btc-usdt-swap,1 초과면 롱 우위
2026-10-07 09:54 KST,C.파생·가격,ls_account_pct,롱/숏 계정비율 분포 위치,36.7,33.3,백분위,2026-10-06,ok,OKX 선물,https://www.okx.com/api/v5/rubik/stat/contracts/long-short-account-ratio?ccy=BTC&period=1D,https://www.okx.com/trade-swap/btc-usdt-swap,OKX 선물 최근 30일 분포 기준. 높을수록 롱 쏠림
2026-10-07 09:54 KST,C.파생·가격,funding,펀딩비(최근 1회),0.0062,0.0032,%,2026-10-07 00:00 UTC,ok,OKX 선물,https://www.okx.com/api/v5/public/funding-rate-history?instId=BTC-USDT-SWAP&limit=6,https://www.okx.com/trade-swap/btc-usdt-swap,0.05%↑ 과열
2026-10-07 09:54 KST,C.파생·가격,funding_avg3,펀딩비 최근 3회 평균,0.0046,0.0023,%,2026-10-07 00:00 UTC,ok,OKX 선물,https://www.okx.com/api/v5/public/funding-rate-history?instId=BTC-USDT-SWAP&limit=6,https://www.okx.com/trade-swap/btc-usdt-swap,
2026-10-07 09:54 KST,C.파생·가격,dvol,DVOL(BTC 내재변동성),36.09,36.1,,2026-10-07 00:00 UTC,ok,Deribit,https://www.deribit.com/api/v2/public/get_volatility_index_data?currency=BTC&start_timestamp=1791075248184&end_timestamp=1791334448184&resolution=3600,https://www.deribit.com/statistics/BTC/volatility-index,
2026-10-07 09:54 KST,C.파생·가격,skew25,옵션 25델타 스큐(풋IV−콜IV),0.4,0.83,vol pt,2026-10-07 00:54 UTC,ok,Deribit,https://www.deribit.com/api/v2/public/get_instruments?currency=BTC&kind=option&expired=false,https://www.deribit.com/options/BTC,"만기 2026-10-30, 콜 BTC-30OCT26-91000-C / 풋 BTC-30OCT26-81000-P. 양수면 하방 헤지 수요 우위"
2026-10-07 09:54 KST,B.자금흐름,usdt_d,테더 도미넌스,6.289,6.264,%,2026-10-07 00:45 UTC,ok,CoinGecko,https://api.coingecko.com/api/v3/global,https://www.coingecko.com/en/global-charts,상승=위험회피 / TradingView USDT.D와 계산 방식 다름
2026-10-07 09:54 KST,B.자금흐름,total_mcap,전체 시가총액(TOTAL),2.9213,2.9342,조$,2026-10-07 00:45 UTC,ok,CoinGecko,https://api.coingecko.com/api/v3/global,https://www.coingecko.com/en/global-charts,
2026-10-07 09:54 KST,B.자금흐름,etf_total,BTC 현물 ETF 순유입(전체),-89.9,189.8,백만$,2026-10-05,ok,TFTC (SoSoValue·Farside 집계),https://www.tftc.io/bitcoin-etf-flows/data.json,https://www.tftc.io/bitcoin-etf-flows,1거래일 연속 순유출 / 집계 기준일 2026-10-05
2026-10-07 09:54 KST,B.자금흐름,etf_ibit,IBIT(블랙록) 순유입,69.9,158.2,백만$,2026-10-05,ok,TFTC (SoSoValue·Farside 집계),https://www.tftc.io/bitcoin-etf-flows/data.json,https://www.tftc.io/bitcoin-etf-flows,
2026-10-07 09:54 KST,B.자금흐름,etf_5d_sum,ETF 5거래일 순유입 합계,120.1,241.1,백만$,2026-10-05,ok,TFTC (SoSoValue·Farside 집계),https://www.tftc.io/bitcoin-etf-flows/data.json,https://www.tftc.io/bitcoin-etf-flows,
2026-10-07 09:54 KST,B.자금흐름,etf_streak,ETF 연속일수(+유입/−유출),-1,2,일,2026-10-05,ok,TFTC (SoSoValue·Farside 집계),https://www.tftc.io/bitcoin-etf-flows/data.json,https://www.tftc.io/bitcoin-etf-flows,
2026-10-07 09:54 KST,D.온체인,mvrv_z,MVRV Z-Score,1.0021,0.9998,,2026-09-30,ok,BGeometrics,https://bitcoin-data.com/v1/mvrv-zscore/last,https://charts.bgeometrics.com/,0 이하 역사적 매수구간 / 7 이상 과열
2026-10-07 09:54 KST,D.온체인,sth_mvrv,단기보유자 MVRV,1.14,1.14,,2026-09-30,ok,BGeometrics,https://bitcoin-data.com/v1/sth-mvrv/last,https://charts.bgeometrics.com/,
2026-10-07 09:54 KST,D.온체인,sth_rp,단기보유자 실현가(STH-RP),74981.0,75354.0,$,2026-09-30,ok,BGeometrics,https://bitcoin-data.com/v1/sth-mvrv/last,https://charts.bgeometrics.com/,가격 ÷ STH-MVRV로 계산 (가격 85478.0$). 가격이 위면 강세 유지
2026-10-07 09:54 KST,D.온체인,ex_in_btc,거래소 BTC 유입,28848.8,13724.2,BTC,2026-10-05,ok,Coin Metrics 커뮤니티,https://community-api.coinmetrics.io/v4/timeseries/asset-metrics?assets=btc&metrics=FlowInExNtv&frequency=1d&page_size=130&paging_from=end,https://charts.coinmetrics.io/crypto-data/,
2026-10-07 09:54 KST,D.온체인,ex_out_btc,거래소 BTC 유출,31831.6,15887.2,BTC,2026-10-05,ok,Coin Metrics 커뮤니티,https://community-api.coinmetrics.io/v4/timeseries/asset-metrics?assets=btc&metrics=FlowOutExNtv&frequency=1d&page_size=130&paging_from=end,https://charts.coinmetrics.io/crypto-data/,
2026-10-07 09:54 KST,D.온체인,ex_net_7d,거래소 순유입 7일 합,-20344.3,-19602.1,BTC,2026-10-05,ok,Coin Metrics 커뮤니티,https://community-api.coinmetrics.io/v4/timeseries/asset-metrics?assets=btc&metrics=FlowInExUSD&frequency=1d&page_size=130&paging_from=end,https://charts.coinmetrics.io/crypto-data/,
2026-10-07 09:54 KST,D.온체인,ex_net_7d_pct,거래소 순유입 7일 합 분포 위치,27.8,28.9,백분위,2026-10-05,ok,Coin Metrics 커뮤니티,https://community-api.coinmetrics.io/v4/timeseries/asset-metrics?assets=btc&metrics=FlowInExUSD&frequency=1d&page_size=130&paging_from=end,https://charts.coinmetrics.io/crypto-data/,최근 90일 분포 기준. 높을수록 매도 압력
2026-10-07 09:54 KST,D.온체인,ex_net_btc,거래소 BTC 순유입,-2982.7,-2163.0,BTC,2026-10-05,ok,Coin Metrics 커뮤니티,https://community-api.coinmetrics.io/v4/timeseries/asset-metrics?assets=btc&metrics=FlowInExNtv&frequency=1d&page_size=130&paging_from=end,https://charts.coinmetrics.io/crypto-data/,양수=매도 압력 / 음수=축적
2026-10-07 09:54 KST,D.온체인,ex_supply_30d_pct,거래소 보유량 30일 변화율,-0.98,-0.96,%,2026-10-05,ok,Coin Metrics 커뮤니티,https://community-api.coinmetrics.io/v4/timeseries/asset-metrics?assets=btc&metrics=SplyExNtv&frequency=1d&page_size=130&paging_from=end,https://charts.coinmetrics.io/crypto-data/,
2026-10-07 09:54 KST,D.온체인,ex_supply,거래소 BTC 보유량,2674315.0,2675689.0,BTC,2026-10-05,ok,Coin Metrics 커뮤니티,https://community-api.coinmetrics.io/v4/timeseries/asset-metrics?assets=btc&metrics=SplyExNtv&frequency=1d&page_size=130&paging_from=end,https://charts.coinmetrics.io/crypto-data/,
2026-10-07 09:54 KST,D.온체인,miner_to_ex,채굴자→거래소 유입,,,,,manual,수동 확인,,https://cryptoquant.com/asset/btc/chart/miner-flows,무료 소스 없음 → 수동 확인 목록 참고
2026-10-07 09:54 KST,D.온체인,whale_ratio_proxy,고래비율(근사),,,,,fail,Arkham + Coin Metrics,,https://intel.arkm.com/,Arkham 키 없음
2026-10-07 09:54 KST,Z.점수,score_ind_mvrv_z,점수: MVRV Z,0,,,2026-10-07,ok,점수 계산(coin_daily),,,MVRV Z 1.00
2026-10-07 09:54 KST,Z.점수,score_ind_sth,점수: 가격÷STH-RP,0,,,2026-10-07,ok,점수 계산(coin_daily),,,가격÷STH-RP 1.140
2026-10-07 09:54 KST,Z.점수,score_ind_etf,점수: 현물 ETF 순유입,1,,,2026-10-07,ok,점수 계산(coin_daily),,,5일 합 +120백만$
2026-10-07 09:54 KST,Z.점수,score_ind_ex_net,점수: 거래소 순유입(7일),1,,,2026-10-07,ok,점수 계산(coin_daily),,,7일 순유입 분포 28백분위
2026-10-07 09:54 KST,Z.점수,score_ind_ex_supply,점수: 거래소 보유량(30일),1,,,2026-10-07,ok,점수 계산(coin_daily),,,30일 -0.98% (±0.5% 미만은 0점)
2026-10-07 09:54 KST,Z.점수,score_ind_whale,점수: 고래비율(근사),,,,2026-10-07,fail,점수 계산(coin_daily),,,값 없음
2026-10-07 09:54 KST,Z.점수,score_ind_usdt_d,점수: 테더 도미넌스(7일),0,,,2026-10-07,ok,점수 계산(coin_daily),,,7일 -1.7% (±3% 미만은 0점)
2026-10-07 09:54 KST,Z.점수,score_ind_funding,점수: 펀딩비,1,,,2026-10-07,ok,점수 계산(coin_daily),,,3회 평균 0.0046%
2026-10-07 09:54 KST,Z.점수,score_ind_rsi,점수: RSI(14),-1,,,2026-10-07,ok,점수 계산(coin_daily),,,RSI 63.4
2026-10-07 09:54 KST,Z.점수,score_ind_ls,점수: 롱/숏 비율,0,,,2026-10-07,ok,점수 계산(coin_daily),,,롱/숏 분포 37백분위
2026-10-07 09:54 KST,Z.점수,score_ind_oi,점수: 미결제약정(OI),0,,,2026-10-07,ok,점수 계산(coin_daily),,,"OI 7일 +7.6%, 가격 +2.3%"
2026-10-07 09:54 KST,Z.점수,score_ind_skew,점수: 옵션 스큐,0,,,2026-10-07,ok,점수 계산(coin_daily),,,+0.40
2026-10-07 09:54 KST,Z.점수,score_ind_nasdaq,점수: 나스닥,1,,,2026-10-07,ok,점수 계산(coin_daily),,,50일선 위
2026-10-07 09:54 KST,Z.점수,score_ind_dxy,점수: DXY,-1,,,2026-10-07,ok,점수 계산(coin_daily),,,"101.94, 20일 +3.1% (상승)"
2026-10-07 09:54 KST,Z.점수,score_ind_usdjpy,점수: USD/JPY,0,,,2026-10-07,ok,점수 계산(coin_daily),,,158.44
2026-10-07 09:54 KST,Z.점수,score_ind_infl,점수: CPI·PCE,-1,,,2026-10-07,ok,점수 계산(coin_daily),,,둔화−재가속 합계 -2
2026-10-07 09:54 KST,Z.점수,score_ind_fomc,점수: 폴리마켓 금리인하,,,,2026-10-07,fail,점수 계산(coin_daily),,,FOMC 마켓 미설정 또는 값 없음
2026-10-07 09:54 KST,Z.점수,score_group_밸류에이션,그룹 점수: 밸류에이션,0.0,,,2026-10-07,ok,점수 계산(coin_daily),,,
2026-10-07 09:54 KST,Z.점수,score_group_수급,그룹 점수: 수급,37.5,,,2026-10-07,ok,점수 계산(coin_daily),,,
2026-10-07 09:54 KST,Z.점수,score_group_파생·심리,그룹 점수: 파생·심리,0.0,,,2026-10-07,ok,점수 계산(coin_daily),,,
2026-10-07 09:54 KST,Z.점수,score_group_매크로,그룹 점수: 매크로,-12.5,,,2026-10-07,ok,점수 계산(coin_daily),,,
2026-10-07 09:54 KST,Z.점수,score_total,총점,9.4,,,2026-10-07,ok,점수 계산(coin_daily),,,
2026-10-07 09:54 KST,Z.점수,score_avg3,3일 평균 총점,12.5,,,2026-10-07,ok,점수 계산(coin_daily),,,
2026-10-07 09:54 KST,Z.점수,score_coverage,판정 가능 비율,88.2,,,2026-10-07,ok,점수 계산(coin_daily),,,
2026-10-07 09:54 KST,Z.점수,judgment_raw,오늘 구간,중립,,,2026-10-07,ok,점수 계산(coin_daily),,,
2026-10-07 09:54 KST,Z.점수,judgment,판정,중립,,,2026-10-07,ok,점수 계산(coin_daily),,,
2026-10-07 09:54 KST,Z.점수,target,BTC 목표 비중(%),60,,,2026-10-07,ok,점수 계산(coin_daily),,,
2026-10-08 09:53 KST,A.매크로,nasdaq,나스닥 종합지수,27538.691,27599.789,pt,2026-10-07,ok,Yahoo Finance,yfinance:^IXIC,https://finance.yahoo.com/quote/%5EIXIC,
2026-10-08 09:53 KST,A.매크로,nasdaq_5d_pct,나스닥 5거래일 변화율,2.52,2.99,%,2026-10-07,ok,Yahoo Finance,yfinance:^IXIC,https://finance.yahoo.com/quote/%5EIXIC,
2026-10-08 09:53 KST,A.매크로,nasdaq_ma50,나스닥 50일 이평,26463.09,26409.86,pt,2026-10-07,ok,Yahoo Finance,yfinance:^IXIC,https://finance.yahoo.com/quote/%5EIXIC,종가가 이평 위면 추세 양호
2026-10-08 09:53 KST,A.매크로,dxy,달러인덱스(DXY),102.242,101.83,pt,2026-10-07,ok,Yahoo Finance,yfinance:DX-Y.NYB,https://finance.yahoo.com/quote/DX-Y.NYB,
2026-10-08 09:53 KST,A.매크로,dxy_20d_pct,DXY 20거래일 변화율,3.52,3.13,%,2026-10-07,ok,Yahoo Finance,yfinance:DX-Y.NYB,https://finance.yahoo.com/quote/DX-Y.NYB,
2026-10-08 09:53 KST,A.매크로,usdjpy,USD/JPY,157.824,158.296,엔,2026-10-08,ok,Yahoo Finance,yfinance:JPY=X,https://finance.yahoo.com/quote/JPY%3DX,
2026-10-08 09:53 KST,A.매크로,usdjpy_5d_pct,USD/JPY 5거래일 변화율,0.17,0.66,%,2026-10-08,ok,Yahoo Finance,yfinance:JPY=X,https://finance.yahoo.com/quote/JPY%3DX,
2026-10-08 09:53 KST,A.매크로,cpi_yoy,CPI 전년비,3.71,3.54,%,2026-08-01,ok,FRED,https://api.stlouisfed.org/fred/series/observations?series_id=CPIAUCSL&api_key=***&file_type=json&sort_order=desc&limit=24,https://fred.stlouisfed.org/series/CPIAUCSL,FRED 갱신일 2026-09-11 (발표 후 30일 이내)
2026-10-08 09:53 KST,A.매크로,core_cpi_yoy,근원 CPI 전년비,2.76,2.79,%,2026-08-01,ok,FRED,https://api.stlouisfed.org/fred/series/observations?series_id=CPILFESL&api_key=***&file_type=json&sort_order=desc&limit=24,https://fred.stlouisfed.org/series/CPILFESL,FRED 갱신일 2026-09-11 (발표 후 30일 이내)
2026-10-08 09:53 KST,A.매크로,pce_yoy,PCE 전년비,3.42,3.36,%,2026-08-01,ok,FRED,https://api.stlouisfed.org/fred/series/observations?series_id=PCEPI&api_key=***&file_type=json&sort_order=desc&limit=24,https://fred.stlouisfed.org/series/PCEPI,FRED 갱신일 2026-09-30 (발표 후 30일 이내)
2026-10-08 09:53 KST,A.매크로,core_pce_yoy,근원 PCE 전년비,3.01,2.98,%,2026-08-01,ok,FRED,https://api.stlouisfed.org/fred/series/observations?series_id=PCEPILFE&api_key=***&file_type=json&sort_order=desc&limit=24,https://fred.stlouisfed.org/series/PCEPILFE,FRED 갱신일 2026-09-30 (발표 후 30일 이내)
2026-10-08 09:53 KST,A.매크로,infl_signal,인플레이션 방향 합계,-2,-2,,2026-10-08,ok,FRED,,https://fred.stlouisfed.org/,최근 발표 지표 중 전년비 둔화 +1 / 재가속 −1의 합
2026-10-08 09:53 KST,C.파생·가격,btc_close,BTC 일봉 종가,83275.06,85539.77,USD,2026-10-07,ok,Coinbase 현물,https://api.exchange.coinbase.com/products/BTC-USD/candles?granularity=86400,https://www.coinbase.com/price/bitcoin,
2026-10-08 09:53 KST,C.파생·가격,rsi14,"RSI(14, 일봉)",52.83,63.39,,2026-10-07,ok,Coinbase 현물,https://api.exchange.coinbase.com/products/BTC-USD/candles?granularity=86400,https://www.coinbase.com/price/bitcoin,70↑ 과매수 / 30↓ 과매도
2026-10-08 09:53 KST,C.파생·가격,price_7d_pct,BTC 7일 가격 변화율,-0.34,2.27,%,2026-10-07,ok,Coinbase 현물,https://api.exchange.coinbase.com/products/BTC-USD/candles?granularity=86400,https://www.coinbase.com/price/bitcoin,
2026-10-08 09:53 KST,C.파생·가격,oi,선물 미결제약정(OI),3.34,3.33,십억$,2026-10-07,ok,OKX 선물,https://www.okx.com/api/v5/rubik/stat/contracts/open-interest-volume?ccy=BTC&period=1D,https://www.okx.com/trade-swap/btc-usdt-swap,
2026-10-08 09:53 KST,C.파생·가격,oi_7d_pct,OI 7일 변화율,9.44,7.57,%,2026-10-07,ok,OKX 선물,https://www.okx.com/api/v5/rubik/stat/contracts/open-interest-volume?ccy=BTC&period=1D,https://www.okx.com/trade-swap/btc-usdt-swap,달러 기준 OI라 가격 변동이 섞여 있음
2026-10-08 09:53 KST,C.파생·가격,ls_account,롱/숏 계정비율,1.68,1.61,배,2026-10-07,ok,OKX 선물,https://www.okx.com/api/v5/rubik/stat/contracts/long-short-account-ratio?ccy=BTC&period=1D,https://www.okx.com/trade-swap/btc-usdt-swap,1 초과면 롱 우위
2026-10-08 09:53 KST,C.파생·가격,ls_account_pct,롱/숏 계정비율 분포 위치,86.7,36.7,백분위,2026-10-07,ok,OKX 선물,https://www.okx.com/api/v5/rubik/stat/contracts/long-short-account-ratio?ccy=BTC&period=1D,https://www.okx.com/trade-swap/btc-usdt-swap,OKX 선물 최근 30일 분포 기준. 높을수록 롱 쏠림
2026-10-08 09:53 KST,C.파생·가격,funding,펀딩비(최근 1회),0.0064,0.0018,%,2026-10-08 00:00 UTC,ok,OKX 선물,https://www.okx.com/api/v5/public/funding-rate-history?instId=BTC-USDT-SWAP&limit=6,https://www.okx.com/trade-swap/btc-usdt-swap,0.05%↑ 과열
2026-10-08 09:53 KST,C.파생·가격,funding_avg3,펀딩비 최근 3회 평균,0.0035,0.0046,%,2026-10-08 00:00 UTC,ok,OKX 선물,https://www.okx.com/api/v5/public/funding-rate-history?instId=BTC-USDT-SWAP&limit=6,https://www.okx.com/trade-swap/btc-usdt-swap,
2026-10-08 09:53 KST,C.파생·가격,dvol,DVOL(BTC 내재변동성),36.59,36.08,,2026-10-08 00:00 UTC,ok,Deribit,https://www.deribit.com/api/v2/public/get_volatility_index_data?currency=BTC&start_timestamp=1791161638361&end_timestamp=1791420838361&resolution=3600,https://www.deribit.com/statistics/BTC/volatility-index,
2026-10-08 09:53 KST,C.파생·가격,skew25,옵션 25델타 스큐(풋IV−콜IV),1.02,0.4,vol pt,2026-10-08 00:54 UTC,ok,Deribit,https://www.deribit.com/api/v2/public/get_instruments?currency=BTC&kind=option&expired=false,https://www.deribit.com/options/BTC,"만기 2026-10-30, 콜 BTC-30OCT26-89000-C / 풋 BTC-30OCT26-79000-P. 양수면 하방 헤지 수요 우위"
2026-10-08 09:53 KST,B.자금흐름,usdt_d,테더 도미넌스,6.462,6.289,%,2026-10-08 00:48 UTC,ok,CoinGecko,https://api.coingecko.com/api/v3/global,https://www.coingecko.com/en/global-charts,상승=위험회피 / TradingView USDT.D와 계산 방식 다름
2026-10-08 09:53 KST,B.자금흐름,total_mcap,전체 시가총액(TOTAL),2.846,2.9213,조$,2026-10-08 00:48 UTC,ok,CoinGecko,https://api.coingecko.com/api/v3/global,https://www.coingecko.com/en/global-charts,
2026-10-08 09:53 KST,B.자금흐름,etf_total,BTC 현물 ETF 순유입(전체),118.9,-89.9,백만$,2026-10-06,ok,TFTC (SoSoValue·Farside 집계),https://www.tftc.io/bitcoin-etf-flows/data.json,https://www.tftc.io/bitcoin-etf-flows,1거래일 연속 순유입 / 집계 기준일 2026-10-06
2026-10-08 09:53 KST,B.자금흐름,etf_ibit,IBIT(블랙록) 순유입,122.0,69.9,백만$,2026-10-06,ok,TFTC (SoSoValue·Farside 집계),https://www.tftc.io/bitcoin-etf-flows/data.json,https://www.tftc.io/bitcoin-etf-flows,
2026-10-08 09:53 KST,B.자금흐름,etf_5d_sum,ETF 5거래일 순유입 합계,172.8,120.1,백만$,2026-10-06,ok,TFTC (SoSoValue·Farside 집계),https://www.tftc.io/bitcoin-etf-flows/data.json,https://www.tftc.io/bitcoin-etf-flows,
2026-10-08 09:53 KST,B.자금흐름,etf_streak,ETF 연속일수(+유입/−유출),1,-1,일,2026-10-06,ok,TFTC (SoSoValue·Farside 집계),https://www.tftc.io/bitcoin-etf-flows/data.json,https://www.tftc.io/bitcoin-etf-flows,
2026-10-08 09:53 KST,D.온체인,mvrv_z,MVRV Z-Score,1.0001,1.0021,,2026-10-01,ok,BGeometrics,https://bitcoin-data.com/v1/mvrv-zscore/last,https://charts.bgeometrics.com/,0 이하 역사적 매수구간 / 7 이상 과열
2026-10-08 09:53 KST,D.온체인,sth_mvrv,단기보유자 MVRV,1.15,1.14,,2026-10-01,ok,BGeometrics,https://bitcoin-data.com/v1/sth-mvrv/last,https://charts.bgeometrics.com/,
2026-10-08 09:53 KST,D.온체인,sth_rp,단기보유자 실현가(STH-RP),72389.0,74981.0,$,2026-10-01,ok,BGeometrics,https://bitcoin-data.com/v1/sth-mvrv/last,https://charts.bgeometrics.com/,가격 ÷ STH-MVRV로 계산 (가격 83247.0$). 가격이 위면 강세 유지
2026-10-08 09:53 KST,D.온체인,ex_in_btc,거래소 BTC 유입,22456.8,28848.8,BTC,2026-10-06,ok,Coin Metrics 커뮤니티,https://community-api.coinmetrics.io/v4/timeseries/asset-metrics?assets=btc&metrics=FlowInExNtv&frequency=1d&page_size=130&paging_from=end,https://charts.coinmetrics.io/crypto-data/,
2026-10-08 09:53 KST,D.온체인,ex_out_btc,거래소 BTC 유출,36668.0,31831.6,BTC,2026-10-06,ok,Coin Metrics 커뮤니티,https://community-api.coinmetrics.io/v4/timeseries/asset-metrics?assets=btc&metrics=FlowOutExNtv&frequency=1d&page_size=130&paging_from=end,https://charts.coinmetrics.io/crypto-data/,
2026-10-08 09:53 KST,D.온체인,ex_net_7d,거래소 순유입 7일 합,-36424.6,-20344.3,BTC,2026-10-06,ok,Coin Metrics 커뮤니티,https://community-api.coinmetrics.io/v4/timeseries/asset-metrics?assets=btc&metrics=FlowInExUSD&frequency=1d&page_size=130&paging_from=end,https://charts.coinmetrics.io/crypto-data/,
2026-10-08 09:53 KST,D.온체인,ex_net_7d_pct,거래소 순유입 7일 합 분포 위치,8.9,27.8,백분위,2026-10-06,ok,Coin Metrics 커뮤니티,https://community-api.coinmetrics.io/v4/timeseries/asset-metrics?assets=btc&metrics=FlowInExUSD&frequency=1d&page_size=130&paging_from=end,https://charts.coinmetrics.io/crypto-data/,최근 90일 분포 기준. 높을수록 매도 압력
2026-10-08 09:53 KST,D.온체인,ex_net_btc,거래소 BTC 순유입,-14211.2,-2982.7,BTC,2026-10-06,ok,Coin Metrics 커뮤니티,https://community-api.coinmetrics.io/v4/timeseries/asset-metrics?assets=btc&metrics=FlowInExNtv&frequency=1d&page_size=130&paging_from=end,https://charts.coinmetrics.io/crypto-data/,양수=매도 압력 / 음수=축적
2026-10-08 09:53 KST,D.온체인,ex_supply_30d_pct,거래소 보유량 30일 변화율,-1.52,-0.98,%,2026-10-06,ok,Coin Metrics 커뮤니티,https://community-api.coinmetrics.io/v4/timeseries/asset-metrics?assets=btc&metrics=SplyExNtv&frequency=1d&page_size=130&paging_from=end,https://charts.coinmetrics.io/crypto-data/,
2026-10-08 09:53 KST,D.온체인,ex_supply,거래소 BTC 보유량,2660207.0,2674315.0,BTC,2026-10-06,ok,Coin Metrics 커뮤니티,https://community-api.coinmetrics.io/v4/timeseries/asset-metrics?assets=btc&metrics=SplyExNtv&frequency=1d&page_size=130&paging_from=end,https://charts.coinmetrics.io/crypto-data/,
2026-10-08 09:53 KST,D.온체인,miner_to_ex,채굴자→거래소 유입,,,,,manual,수동 확인,,https://cryptoquant.com/asset/btc/chart/miner-flows,무료 소스 없음 → 수동 확인 목록 참고
2026-10-08 09:53 KST,D.온체인,whale_ratio_proxy,고래비율(근사),,,,,fail,Arkham + Coin Metrics,,https://intel.arkm.com/,Arkham 키 없음
2026-10-08 09:53 KST,Z.점수,score_ind_mvrv_z,점수: MVRV Z,0,,,2026-10-08,ok,점수 계산(coin_daily),,,MVRV Z 1.00
2026-10-08 09:53 KST,Z.점수,score_ind_sth,점수: 가격÷STH-RP,-1,,,2026-10-08,ok,점수 계산(coin_daily),,,가격÷STH-RP 1.150
2026-10-08 09:53 KST,Z.점수,score_ind_etf,점수: 현물 ETF 순유입,1,,,2026-10-08,ok,점수 계산(coin_daily),,,5일 합 +173백만$
2026-10-08 09:53 KST,Z.점수,score_ind_ex_net,점수: 거래소 순유입(7일),2,,,2026-10-08,ok,점수 계산(coin_daily),,,7일 순유입 분포 9백분위
2026-10-08 09:53 KST,Z.점수,score_ind_ex_supply,점수: 거래소 보유량(30일),1,,,2026-10-08,ok,점수 계산(coin_daily),,,30일 -1.52% (±0.5% 미만은 0점)
2026-10-08 09:53 KST,Z.점수,score_ind_whale,점수: 고래비율(근사),,,,2026-10-08,fail,점수 계산(coin_daily),,,값 없음
2026-10-08 09:53 KST,Z.점수,score_ind_usdt_d,점수: 테더 도미넌스(7일),0,,,2026-10-08,ok,점수 계산(coin_daily),,,7일 +1.2% (±3% 미만은 0점)
2026-10-08 09:53 KST,Z.점수,score_ind_funding,점수: 펀딩비,1,,,2026-10-08,ok,점수 계산(coin_daily),,,3회 평균 0.0035%
2026-10-08 09:53 KST,Z.점수,score_ind_rsi,점수: RSI(14),0,,,2026-10-08,ok,점수 계산(coin_daily),,,RSI 52.8
2026-10-08 09:53 KST,Z.점수,score_ind_ls,점수: 롱/숏 비율,-1,,,2026-10-08,ok,점수 계산(coin_daily),,,롱/숏 분포 87백분위
2026-10-08 09:53 KST,Z.점수,score_ind_oi,점수: 미결제약정(OI),0,,,2026-10-08,ok,점수 계산(coin_daily),,,"OI 7일 +9.4%, 가격 -0.3%"
2026-10-08 09:53 KST,Z.점수,score_ind_skew,점수: 옵션 스큐,-1,,,2026-10-08,ok,점수 계산(coin_daily),,,"+1.02 (풋 우위 확대, 전일 +0.40)"
2026-10-08 09:53 KST,Z.점수,score_ind_nasdaq,점수: 나스닥,1,,,2026-10-08,ok,점수 계산(coin_daily),,,50일선 위
2026-10-08 09:53 KST,Z.점수,score_ind_dxy,점수: DXY,-1,,,2026-10-08,ok,점수 계산(coin_daily),,,"102.24, 20일 +3.5% (상승)"
2026-10-08 09:53 KST,Z.점수,score_ind_usdjpy,점수: USD/JPY,0,,,2026-10-08,ok,점수 계산(coin_daily),,,157.82
2026-10-08 09:53 KST,Z.점수,score_ind_infl,점수: CPI·PCE,-1,,,2026-10-08,ok,점수 계산(coin_daily),,,둔화−재가속 합계 -2
2026-10-08 09:53 KST,Z.점수,score_ind_fomc,점수: 폴리마켓 금리인하,,,,2026-10-08,fail,점수 계산(coin_daily),,,FOMC 마켓 미설정 또는 값 없음
2026-10-08 09:53 KST,Z.점수,score_group_밸류에이션,그룹 점수: 밸류에이션,-25.0,,,2026-10-08,ok,점수 계산(coin_daily),,,
2026-10-08 09:53 KST,Z.점수,score_group_수급,그룹 점수: 수급,50.0,,,2026-10-08,ok,점수 계산(coin_daily),,,
2026-10-08 09:53 KST,Z.점수,score_group_파생·심리,그룹 점수: 파생·심리,-10.0,,,2026-10-08,ok,점수 계산(coin_daily),,,
2026-10-08 09:53 KST,Z.점수,score_group_매크로,그룹 점수: 매크로,-12.5,,,2026-10-08,ok,점수 계산(coin_daily),,,
2026-10-08 09:53 KST,Z.점수,score_total,총점,3.9,,,2026-10-08,ok,점수 계산(coin_daily),,,
2026-10-08 09:53 KST,Z.점수,score_avg3,3일 평균 총점,8.6,,,2026-10-08,ok,점수 계산(coin_daily),,,
2026-10-08 09:53 KST,Z.점수,score_coverage,판정 가능 비율,88.2,,,2026-10-08,ok,점수 계산(coin_daily),,,
2026-10-08 09:53 KST,Z.점수,judgment_raw,오늘 구간,중립,,,2026-10-08,ok,점수 계산(coin_daily),,,
2026-10-08 09:53 KST,Z.점수,judgment,판정,중립,,,2026-10-08,ok,점수 계산(coin_daily),,,
2026-10-08 09:53 KST,Z.점수,target,BTC 목표 비중(%),60,,,2026-10-08,ok,점수 계산(coin_daily),,,
2026-10-09 09:56 KST,A.매크로,nasdaq,나스닥 종합지수,27193.34,27538.689,pt,2026-10-08,ok,Yahoo Finance,yfinance:^IXIC,https://finance.yahoo.com/quote/%5EIXIC,
2026-10-09 09:56 KST,A.매크로,nasdaq_5d_pct,나스닥 5거래일 변화율,1.2,2.52,%,2026-10-08,ok,Yahoo Finance,yfinance:^IXIC,https://finance.yahoo.com/quote/%5EIXIC,
2026-10-09 09:56 KST,A.매크로,nasdaq_ma50,나스닥 50일 이평,26518.1,26463.09,pt,2026-10-08,ok,Yahoo Finance,yfinance:^IXIC,https://finance.yahoo.com/quote/%5EIXIC,종가가 이평 위면 추세 양호
2026-10-09 09:56 KST,A.매크로,dxy,달러인덱스(DXY),102.1,102.24,pt,2026-10-08,ok,Yahoo Finance,yfinance:DX-Y.NYB,https://finance.yahoo.com/quote/DX-Y.NYB,
2026-10-09 09:56 KST,A.매크로,dxy_20d_pct,DXY 20거래일 변화율,3.04,3.52,%,2026-10-08,ok,Yahoo Finance,yfinance:DX-Y.NYB,https://finance.yahoo.com/quote/DX-Y.NYB,
2026-10-09 09:56 KST,A.매크로,usdjpy,USD/JPY,158.045,158.06,엔,2026-10-09,ok,Yahoo Finance,yfinance:JPY=X,https://finance.yahoo.com/quote/JPY%3DX,
2026-10-09 09:56 KST,A.매크로,usdjpy_5d_pct,USD/JPY 5거래일 변화율,0.07,0.17,%,2026-10-09,ok,Yahoo Finance,yfinance:JPY=X,https://finance.yahoo.com/quote/JPY%3DX,
2026-10-09 09:56 KST,A.매크로,cpi_yoy,CPI 전년비,3.71,3.54,%,2026-08-01,ok,FRED,https://api.stlouisfed.org/fred/series/observations?series_id=CPIAUCSL&api_key=***&file_type=json&sort_order=desc&limit=24,https://fred.stlouisfed.org/series/CPIAUCSL,FRED 갱신일 2026-09-11 (발표 후 30일 이내)
2026-10-09 09:56 KST,A.매크로,core_cpi_yoy,근원 CPI 전년비,2.76,2.79,%,2026-08-01,ok,FRED,https://api.stlouisfed.org/fred/series/observations?series_id=CPILFESL&api_key=***&file_type=json&sort_order=desc&limit=24,https://fred.stlouisfed.org/series/CPILFESL,FRED 갱신일 2026-09-11 (발표 후 30일 이내)
2026-10-09 09:56 KST,A.매크로,pce_yoy,PCE 전년비,3.42,3.36,%,2026-08-01,ok,FRED,https://api.stlouisfed.org/fred/series/observations?series_id=PCEPI&api_key=***&file_type=json&sort_order=desc&limit=24,https://fred.stlouisfed.org/series/PCEPI,FRED 갱신일 2026-09-30 (발표 후 30일 이내)
2026-10-09 09:56 KST,A.매크로,core_pce_yoy,근원 PCE 전년비,3.01,2.98,%,2026-08-01,ok,FRED,https://api.stlouisfed.org/fred/series/observations?series_id=PCEPILFE&api_key=***&file_type=json&sort_order=desc&limit=24,https://fred.stlouisfed.org/series/PCEPILFE,FRED 갱신일 2026-09-30 (발표 후 30일 이내)
2026-10-09 09:56 KST,A.매크로,infl_signal,인플레이션 방향 합계,-2,-2,,2026-10-09,ok,FRED,,https://fred.stlouisfed.org/,최근 발표 지표 중 전년비 둔화 +1 / 재가속 −1의 합
2026-10-09 09:56 KST,C.파생·가격,btc_close,BTC 일봉 종가,81692.79,83275.06,USD,2026-10-08,ok,Coinbase 현물,https://api.exchange.coinbase.com/products/BTC-USD/candles?granularity=86400,https://www.coinbase.com/price/bitcoin,
2026-10-09 09:56 KST,C.파생·가격,rsi14,"RSI(14, 일봉)",46.94,52.83,,2026-10-08,ok,Coinbase 현물,https://api.exchange.coinbase.com/products/BTC-USD/candles?granularity=86400,https://www.coinbase.com/price/bitcoin,70↑ 과매수 / 30↓ 과매도
2026-10-09 09:56 KST,C.파생·가격,price_7d_pct,BTC 7일 가격 변화율,-3.72,-0.34,%,2026-10-08,ok,Coinbase 현물,https://api.exchange.coinbase.com/products/BTC-USD/candles?granularity=86400,https://www.coinbase.com/price/bitcoin,
2026-10-09 09:56 KST,C.파생·가격,oi,선물 미결제약정(OI),3.3,3.34,십억$,2026-10-08,ok,OKX 선물,https://www.okx.com/api/v5/rubik/stat/contracts/open-interest-volume?ccy=BTC&period=1D,https://www.okx.com/trade-swap/btc-usdt-swap,
2026-10-09 09:56 KST,C.파생·가격,oi_7d_pct,OI 7일 변화율,4.54,9.44,%,2026-10-08,ok,OKX 선물,https://www.okx.com/api/v5/rubik/stat/contracts/open-interest-volume?ccy=BTC&period=1D,https://www.okx.com/trade-swap/btc-usdt-swap,달러 기준 OI라 가격 변동이 섞여 있음
2026-10-09 09:56 KST,C.파생·가격,ls_account,롱/숏 계정비율,1.66,1.7,배,2026-10-08,ok,OKX 선물,https://www.okx.com/api/v5/rubik/stat/contracts/long-short-account-ratio?ccy=BTC&period=1D,https://www.okx.com/trade-swap/btc-usdt-swap,1 초과면 롱 우위
2026-10-09 09:56 KST,C.파생·가격,ls_account_pct,롱/숏 계정비율 분포 위치,80.0,86.7,백분위,2026-10-08,ok,OKX 선물,https://www.okx.com/api/v5/rubik/stat/contracts/long-short-account-ratio?ccy=BTC&period=1D,https://www.okx.com/trade-swap/btc-usdt-swap,OKX 선물 최근 30일 분포 기준. 높을수록 롱 쏠림
2026-10-09 09:56 KST,C.파생·가격,funding,펀딩비(최근 1회),0.0028,0.0062,%,2026-10-09 00:00 UTC,ok,OKX 선물,https://www.okx.com/api/v5/public/funding-rate-history?instId=BTC-USDT-SWAP&limit=6,https://www.okx.com/trade-swap/btc-usdt-swap,0.05%↑ 과열
2026-10-09 09:56 KST,C.파생·가격,funding_avg3,펀딩비 최근 3회 평균,0.0029,0.0035,%,2026-10-09 00:00 UTC,ok,OKX 선물,https://www.okx.com/api/v5/public/funding-rate-history?instId=BTC-USDT-SWAP&limit=6,https://www.okx.com/trade-swap/btc-usdt-swap,
2026-10-09 09:56 KST,C.파생·가격,dvol,DVOL(BTC 내재변동성),37.52,36.65,,2026-10-09 00:00 UTC,ok,Deribit,https://www.deribit.com/api/v2/public/get_volatility_index_data?currency=BTC&start_timestamp=1791248218529&end_timestamp=1791507418529&resolution=3600,https://www.deribit.com/statistics/BTC/volatility-index,
2026-10-09 09:56 KST,C.파생·가격,skew25,옵션 25델타 스큐(풋IV−콜IV),2.03,1.02,vol pt,2026-10-09 00:57 UTC,ok,Deribit,https://www.deribit.com/api/v2/public/get_instruments?currency=BTC&kind=option&expired=false,https://www.deribit.com/options/BTC,"만기 2026-10-30, 콜 BTC-30OCT26-87000-C / 풋 BTC-30OCT26-78000-P. 양수면 하방 헤지 수요 우위"
2026-10-09 09:56 KST,B.자금흐름,usdt_d,테더 도미넌스,6.607,6.462,%,2026-10-09 00:51 UTC,ok,CoinGecko,https://api.coingecko.com/api/v3/global,https://www.coingecko.com/en/global-charts,상승=위험회피 / TradingView USDT.D와 계산 방식 다름
2026-10-09 09:56 KST,B.자금흐름,total_mcap,전체 시가총액(TOTAL),2.779,2.846,조$,2026-10-09 00:51 UTC,ok,CoinGecko,https://api.coingecko.com/api/v3/global,https://www.coingecko.com/en/global-charts,
2026-10-09 09:56 KST,B.자금흐름,etf_total,BTC 현물 ETF 순유입(전체),-487.1,118.9,백만$,2026-10-07,ok,TFTC (SoSoValue·Farside 집계),https://www.tftc.io/bitcoin-etf-flows/data.json,https://www.tftc.io/bitcoin-etf-flows,1거래일 연속 순유출 / 집계 기준일 2026-10-07
2026-10-09 09:56 KST,B.자금흐름,etf_ibit,IBIT(블랙록) 순유입,-207.7,122.0,백만$,2026-10-07,ok,TFTC (SoSoValue·Farside 집계),https://www.tftc.io/bitcoin-etf-flows/data.json,https://www.tftc.io/bitcoin-etf-flows,
2026-10-09 09:56 KST,B.자금흐름,etf_5d_sum,ETF 5거래일 순유입 합계,-165.6,172.8,백만$,2026-10-07,ok,TFTC (SoSoValue·Farside 집계),https://www.tftc.io/bitcoin-etf-flows/data.json,https://www.tftc.io/bitcoin-etf-flows,
2026-10-09 09:56 KST,B.자금흐름,etf_streak,ETF 연속일수(+유입/−유출),-1,1,일,2026-10-07,ok,TFTC (SoSoValue·Farside 집계),https://www.tftc.io/bitcoin-etf-flows/data.json,https://www.tftc.io/bitcoin-etf-flows,
2026-10-09 09:56 KST,D.온체인,mvrv_z,MVRV Z-Score,1.0383,1.0001,,2026-10-02,ok,BGeometrics,https://bitcoin-data.com/v1/mvrv-zscore/last,https://charts.bgeometrics.com/,0 이하 역사적 매수구간 / 7 이상 과열
2026-10-09 09:56 KST,D.온체인,sth_mvrv,단기보유자 MVRV,1.14,1.15,,2026-10-02,ok,BGeometrics,https://bitcoin-data.com/v1/sth-mvrv/last,https://charts.bgeometrics.com/,
2026-10-09 09:56 KST,D.온체인,sth_rp,단기보유자 실현가(STH-RP),71800.0,72389.0,$,2026-10-02,ok,BGeometrics,https://bitcoin-data.com/v1/sth-mvrv/last,https://charts.bgeometrics.com/,가격 ÷ STH-MVRV로 계산 (가격 81852.0$). 가격이 위면 강세 유지
2026-10-09 09:56 KST,D.온체인,ex_in_btc,거래소 BTC 유입,30978.6,22456.8,BTC,2026-10-07,ok,Coin Metrics 커뮤니티,https://community-api.coinmetrics.io/v4/timeseries/asset-metrics?assets=btc&metrics=FlowInExNtv&frequency=1d&page_size=130&paging_from=end,https://charts.coinmetrics.io/crypto-data/,
2026-10-09 09:56 KST,D.온체인,ex_out_btc,거래소 BTC 유출,28172.3,36668.0,BTC,2026-10-07,ok,Coin Metrics 커뮤니티,https://community-api.coinmetrics.io/v4/timeseries/asset-metrics?assets=btc&metrics=FlowOutExNtv&frequency=1d&page_size=130&paging_from=end,https://charts.coinmetrics.io/crypto-data/,
2026-10-09 09:56 KST,D.온체인,ex_net_7d,거래소 순유입 7일 합,-29154.4,-36424.6,BTC,2026-10-07,ok,Coin Metrics 커뮤니티,https://community-api.coinmetrics.io/v4/timeseries/asset-metrics?assets=btc&metrics=FlowInExUSD&frequency=1d&page_size=130&paging_from=end,https://charts.coinmetrics.io/crypto-data/,
2026-10-09 09:56 KST,D.온체인,ex_net_7d_pct,거래소 순유입 7일 합 분포 위치,17.8,8.9,백분위,2026-10-07,ok,Coin Metrics 커뮤니티,https://community-api.coinmetrics.io/v4/timeseries/asset-metrics?assets=btc&metrics=FlowInExUSD&frequency=1d&page_size=130&paging_from=end,https://charts.coinmetrics.io/crypto-data/,최근 90일 분포 기준. 높을수록 매도 압력
2026-10-09 09:56 KST,D.온체인,ex_net_btc,거래소 BTC 순유입,2806.3,-14211.2,BTC,2026-10-07,ok,Coin Metrics 커뮤니티,https://community-api.coinmetrics.io/v4/timeseries/asset-metrics?assets=btc&metrics=FlowInExNtv&frequency=1d&page_size=130&paging_from=end,https://charts.coinmetrics.io/crypto-data/,양수=매도 압력 / 음수=축적
2026-10-09 09:56 KST,D.온체인,ex_supply_30d_pct,거래소 보유량 30일 변화율,-1.48,-1.52,%,2026-10-07,ok,Coin Metrics 커뮤니티,https://community-api.coinmetrics.io/v4/timeseries/asset-metrics?assets=btc&metrics=SplyExNtv&frequency=1d&page_size=130&paging_from=end,https://charts.coinmetrics.io/crypto-data/,
2026-10-09 09:56 KST,D.온체인,ex_supply,거래소 BTC 보유량,2663367.0,2660207.0,BTC,2026-10-07,ok,Coin Metrics 커뮤니티,https://community-api.coinmetrics.io/v4/timeseries/asset-metrics?assets=btc&metrics=SplyExNtv&frequency=1d&page_size=130&paging_from=end,https://charts.coinmetrics.io/crypto-data/,
2026-10-09 09:56 KST,D.온체인,miner_to_ex,채굴자→거래소 유입,,,,,manual,수동 확인,,https://cryptoquant.com/asset/btc/chart/miner-flows,무료 소스 없음 → 수동 확인 목록 참고
2026-10-09 09:56 KST,D.온체인,whale_ratio_proxy,고래비율(근사),,,,,fail,Arkham + Coin Metrics,,https://intel.arkm.com/,Arkham 키 없음
2026-10-09 09:56 KST,Z.점수,score_ind_mvrv_z,점수: MVRV Z,0,,,2026-10-09,ok,점수 계산(coin_daily),,,MVRV Z 1.04
2026-10-09 09:56 KST,Z.점수,score_ind_sth,점수: 가격÷STH-RP,0,,,2026-10-09,ok,점수 계산(coin_daily),,,가격÷STH-RP 1.140
2026-10-09 09:56 KST,Z.점수,score_ind_etf,점수: 현물 ETF 순유입,-1,,,2026-10-09,ok,점수 계산(coin_daily),,,5일 합 -166백만$
2026-10-09 09:56 KST,Z.점수,score_ind_ex_net,점수: 거래소 순유입(7일),1,,,2026-10-09,ok,점수 계산(coin_daily),,,7일 순유입 분포 18백분위
2026-10-09 09:56 KST,Z.점수,score_ind_ex_supply,점수: 거래소 보유량(30일),1,,,2026-10-09,ok,점수 계산(coin_daily),,,30일 -1.48% (±0.5% 미만은 0점)
2026-10-09 09:56 KST,Z.점수,score_ind_whale,점수: 고래비율(근사),,,,2026-10-09,fail,점수 계산(coin_daily),,,값 없음
2026-10-09 09:56 KST,Z.점수,score_ind_usdt_d,점수: 테더 도미넌스(7일),-1,,,2026-10-09,ok,점수 계산(coin_daily),,,7일 +4.4% (±3% 미만은 0점)
2026-10-09 09:56 KST,Z.점수,score_ind_funding,점수: 펀딩비,1,,,2026-10-09,ok,점수 계산(coin_daily),,,3회 평균 0.0029%
2026-10-09 09:56 KST,Z.점수,score_ind_rsi,점수: RSI(14),0,,,2026-10-09,ok,점수 계산(coin_daily),,,RSI 46.9
2026-10-09 09:56 KST,Z.점수,score_ind_ls,점수: 롱/숏 비율,-1,,,2026-10-09,ok,점수 계산(coin_daily),,,롱/숏 분포 80백분위
2026-10-09 09:56 KST,Z.점수,score_ind_oi,점수: 미결제약정(OI),0,,,2026-10-09,ok,점수 계산(coin_daily),,,"OI 7일 +4.5%, 가격 -3.7%"
2026-10-09 09:56 KST,Z.점수,score_ind_skew,점수: 옵션 스큐,-1,,,2026-10-09,ok,점수 계산(coin_daily),,,"+2.03 (풋 우위 확대, 전일 +1.02)"
2026-10-09 09:56 KST,Z.점수,score_ind_nasdaq,점수: 나스닥,1,,,2026-10-09,ok,점수 계산(coin_daily),,,50일선 위
2026-10-09 09:56 KST,Z.점수,score_ind_dxy,점수: DXY,-1,,,2026-10-09,ok,점수 계산(coin_daily),,,"102.10, 20일 +3.0% (상승)"
2026-10-09 09:56 KST,Z.점수,score_ind_usdjpy,점수: USD/JPY,0,,,2026-10-09,ok,점수 계산(coin_daily),,,158.04
2026-10-09 09:56 KST,Z.점수,score_ind_infl,점수: CPI·PCE,-1,,,2026-10-09,ok,점수 계산(coin_daily),,,둔화−재가속 합계 -2
2026-10-09 09:56 KST,Z.점수,score_ind_fomc,점수: 폴리마켓 금리인하,,,,2026-10-09,fail,점수 계산(coin_daily),,,FOMC 마켓 미설정 또는 값 없음
2026-10-09 09:56 KST,Z.점수,score_group_밸류에이션,그룹 점수: 밸류에이션,0.0,,,2026-10-09,ok,점수 계산(coin_daily),,,
2026-10-09 09:56 KST,Z.점수,score_group_수급,그룹 점수: 수급,0.0,,,2026-10-09,ok,점수 계산(coin_daily),,,
2026-10-09 09:56 KST,Z.점수,score_group_파생·심리,그룹 점수: 파생·심리,-10.0,,,2026-10-09,ok,점수 계산(coin_daily),,,
2026-10-09 09:56 KST,Z.점수,score_group_매크로,그룹 점수: 매크로,-12.5,,,2026-10-09,ok,점수 계산(coin_daily),,,
2026-10-09 09:56 KST,Z.점수,score_total,총점,-4.9,,,2026-10-09,ok,점수 계산(coin_daily),,,
2026-10-09 09:56 KST,Z.점수,score_avg3,3일 평균 총점,2.8,,,2026-10-09,ok,점수 계산(coin_daily),,,
2026-10-09 09:56 KST,Z.점수,score_coverage,판정 가능 비율,88.2,,,2026-10-09,ok,점수 계산(coin_daily),,,
2026-10-09 09:56 KST,Z.점수,judgment_raw,오늘 구간,중립,,,2026-10-09,ok,점수 계산(coin_daily),,,
2026-10-09 09:56 KST,Z.점수,judgment,판정,중립,,,2026-10-09,ok,점수 계산(coin_daily),,,
2026-10-09 09:56 KST,Z.점수,target,BTC 목표 비중(%),60,,,2026-10-09,ok,점수 계산(coin_daily),,,
2026-10-10 09:54 KST,A.매크로,nasdaq,나스닥 종합지수,27366.17,27193.34,pt,2026-10-09,ok,Yahoo Finance,yfinance:^IXIC,https://finance.yahoo.com/quote/%5EIXIC,
2026-10-10 09:54 KST,A.매크로,nasdaq_5d_pct,나스닥 5거래일 변화율,0.64,1.2,%,2026-10-09,ok,Yahoo Finance,yfinance:^IXIC,https://finance.yahoo.com/quote/%5EIXIC,
2026-10-10 09:54 KST,A.매크로,nasdaq_ma50,나스닥 50일 이평,26562.98,26518.1,pt,2026-10-09,ok,Yahoo Finance,yfinance:^IXIC,https://finance.yahoo.com/quote/%5EIXIC,종가가 이평 위면 추세 양호
2026-10-10 09:54 KST,A.매크로,dxy,달러인덱스(DXY),102.231,102.14,pt,2026-10-09,ok,Yahoo Finance,yfinance:DX-Y.NYB,https://finance.yahoo.com/quote/DX-Y.NYB,
2026-10-10 09:54 KST,A.매크로,dxy_20d_pct,DXY 20거래일 변화율,3.14,3.04,%,2026-10-09,ok,Yahoo Finance,yfinance:DX-Y.NYB,https://finance.yahoo.com/quote/DX-Y.NYB,
2026-10-10 09:54 KST,A.매크로,usdjpy,USD/JPY,158.246,158.06,엔,2026-10-09,ok,Yahoo Finance,yfinance:JPY=X,https://finance.yahoo.com/quote/JPY%3DX,
2026-10-10 09:54 KST,A.매크로,usdjpy_5d_pct,USD/JPY 5거래일 변화율,0.2,0.07,%,2026-10-09,ok,Yahoo Finance,yfinance:JPY=X,https://finance.yahoo.com/quote/JPY%3DX,
2026-10-10 09:54 KST,A.매크로,cpi_yoy,CPI 전년비,3.71,3.54,%,2026-08-01,ok,FRED,https://api.stlouisfed.org/fred/series/observations?series_id=CPIAUCSL&api_key=***&file_type=json&sort_order=desc&limit=24,https://fred.stlouisfed.org/series/CPIAUCSL,FRED 갱신일 2026-09-11 (발표 후 30일 이내)
2026-10-10 09:54 KST,A.매크로,core_cpi_yoy,근원 CPI 전년비,2.76,2.79,%,2026-08-01,ok,FRED,https://api.stlouisfed.org/fred/series/observations?series_id=CPILFESL&api_key=***&file_type=json&sort_order=desc&limit=24,https://fred.stlouisfed.org/series/CPILFESL,FRED 갱신일 2026-09-11 (발표 후 30일 이내)
2026-10-10 09:54 KST,A.매크로,pce_yoy,PCE 전년비,3.42,3.36,%,2026-08-01,ok,FRED,https://api.stlouisfed.org/fred/series/observations?series_id=PCEPI&api_key=***&file_type=json&sort_order=desc&limit=24,https://fred.stlouisfed.org/series/PCEPI,FRED 갱신일 2026-09-30 (발표 후 30일 이내)
2026-10-10 09:54 KST,A.매크로,core_pce_yoy,근원 PCE 전년비,3.01,2.98,%,2026-08-01,ok,FRED,https://api.stlouisfed.org/fred/series/observations?series_id=PCEPILFE&api_key=***&file_type=json&sort_order=desc&limit=24,https://fred.stlouisfed.org/series/PCEPILFE,FRED 갱신일 2026-09-30 (발표 후 30일 이내)
2026-10-10 09:54 KST,A.매크로,infl_signal,인플레이션 방향 합계,-2,-2,,2026-10-10,ok,FRED,,https://fred.stlouisfed.org/,최근 발표 지표 중 전년비 둔화 +1 / 재가속 −1의 합
2026-10-10 09:54 KST,C.파생·가격,btc_close,BTC 일봉 종가,82544.71,81692.79,USD,2026-10-09,ok,Coinbase 현물,https://api.exchange.coinbase.com/products/BTC-USD/candles?granularity=86400,https://www.coinbase.com/price/bitcoin,
2026-10-10 09:54 KST,C.파생·가격,rsi14,"RSI(14, 일봉)",50.16,46.94,,2026-10-09,ok,Coinbase 현물,https://api.exchange.coinbase.com/products/BTC-USD/candles?granularity=86400,https://www.coinbase.com/price/bitcoin,70↑ 과매수 / 30↓ 과매도
2026-10-10 09:54 KST,C.파생·가격,price_7d_pct,BTC 7일 가격 변화율,-2.32,-3.72,%,2026-10-09,ok,Coinbase 현물,https://api.exchange.coinbase.com/products/BTC-USD/candles?granularity=86400,https://www.coinbase.com/price/bitcoin,
2026-10-10 09:54 KST,C.파생·가격,oi,선물 미결제약정(OI),3.29,3.3,십억$,2026-10-09,ok,OKX 선물,https://www.okx.com/api/v5/rubik/stat/contracts/open-interest-volume?ccy=BTC&period=1D,https://www.okx.com/trade-swap/btc-usdt-swap,
2026-10-10 09:54 KST,C.파생·가격,oi_7d_pct,OI 7일 변화율,1.01,4.54,%,2026-10-09,ok,OKX 선물,https://www.okx.com/api/v5/rubik/stat/contracts/open-interest-volume?ccy=BTC&period=1D,https://www.okx.com/trade-swap/btc-usdt-swap,달러 기준 OI라 가격 변동이 섞여 있음
2026-10-10 09:54 KST,C.파생·가격,ls_account,롱/숏 계정비율,1.47,1.42,배,2026-10-09,ok,OKX 선물,https://www.okx.com/api/v5/rubik/stat/contracts/long-short-account-ratio?ccy=BTC&period=1D,https://www.okx.com/trade-swap/btc-usdt-swap,1 초과면 롱 우위
2026-10-10 09:54 KST,C.파생·가격,ls_account_pct,롱/숏 계정비율 분포 위치,73.3,80.0,백분위,2026-10-09,ok,OKX 선물,https://www.okx.com/api/v5/rubik/stat/contracts/long-short-account-ratio?ccy=BTC&period=1D,https://www.okx.com/trade-swap/btc-usdt-swap,OKX 선물 최근 30일 분포 기준. 높을수록 롱 쏠림
2026-10-10 09:54 KST,C.파생·가격,funding,펀딩비(최근 1회),0.0017,0.0028,%,2026-10-10 00:00 UTC,ok,OKX 선물,https://www.okx.com/api/v5/public/funding-rate-history?instId=BTC-USDT-SWAP&limit=6,https://www.okx.com/trade-swap/btc-usdt-swap,0.05%↑ 과열
2026-10-10 09:54 KST,C.파생·가격,funding_avg3,펀딩비 최근 3회 평균,0.0017,0.0029,%,2026-10-10 00:00 UTC,ok,OKX 선물,https://www.okx.com/api/v5/public/funding-rate-history?instId=BTC-USDT-SWAP&limit=6,https://www.okx.com/trade-swap/btc-usdt-swap,
2026-10-10 09:54 KST,C.파생·가격,dvol,DVOL(BTC 내재변동성),36.49,37.51,,2026-10-10 00:00 UTC,ok,Deribit,https://www.deribit.com/api/v2/public/get_volatility_index_data?currency=BTC&start_timestamp=1791334478749&end_timestamp=1791593678749&resolution=3600,https://www.deribit.com/statistics/BTC/volatility-index,
2026-10-10 09:54 KST,C.파생·가격,skew25,옵션 25델타 스큐(풋IV−콜IV),1.39,2.03,vol pt,2026-10-10 00:55 UTC,ok,Deribit,https://www.deribit.com/api/v2/public/get_instruments?currency=BTC&kind=option&expired=false,https://www.deribit.com/options/BTC,"만기 2026-10-30, 콜 BTC-30OCT26-88000-C / 풋 BTC-30OCT26-79000-P. 양수면 하방 헤지 수요 우위"
2026-10-10 09:54 KST,B.자금흐름,usdt_d,테더 도미넌스,6.566,6.607,%,2026-10-10 00:54 UTC,ok,CoinGecko,https://api.coingecko.com/api/v3/global,https://www.coingecko.com/en/global-charts,상승=위험회피 / TradingView USDT.D와 계산 방식 다름
2026-10-10 09:54 KST,B.자금흐름,total_mcap,전체 시가총액(TOTAL),2.7998,2.779,조$,2026-10-10 00:54 UTC,ok,CoinGecko,https://api.coingecko.com/api/v3/global,https://www.coingecko.com/en/global-charts,
2026-10-10 09:54 KST,B.자금흐름,etf_total,BTC 현물 ETF 순유입(전체),-244.1,-487.1,백만$,2026-10-08,ok,TFTC (SoSoValue·Farside 집계),https://www.tftc.io/bitcoin-etf-flows/data.json,https://www.tftc.io/bitcoin-etf-flows,2거래일 연속 순유출 / 집계 기준일 2026-10-08
2026-10-10 09:54 KST,B.자금흐름,etf_ibit,IBIT(블랙록) 순유입,-5.5,-207.7,백만$,2026-10-08,ok,TFTC (SoSoValue·Farside 집계),https://www.tftc.io/bitcoin-etf-flows/data.json,https://www.tftc.io/bitcoin-etf-flows,
2026-10-10 09:54 KST,B.자금흐름,etf_5d_sum,ETF 5거래일 순유입 합계,-512.4,-165.6,백만$,2026-10-08,ok,TFTC (SoSoValue·Farside 집계),https://www.tftc.io/bitcoin-etf-flows/data.json,https://www.tftc.io/bitcoin-etf-flows,
2026-10-10 09:54 KST,B.자금흐름,etf_streak,ETF 연속일수(+유입/−유출),-2,-1,일,2026-10-08,ok,TFTC (SoSoValue·Farside 집계),https://www.tftc.io/bitcoin-etf-flows/data.json,https://www.tftc.io/bitcoin-etf-flows,
2026-10-10 09:54 KST,D.온체인,mvrv_z,MVRV Z-Score,1.0339,1.0383,,2026-10-03,ok,BGeometrics,https://bitcoin-data.com/v1/mvrv-zscore/last,https://charts.bgeometrics.com/,0 이하 역사적 매수구간 / 7 이상 과열
2026-10-10 09:54 KST,D.온체인,sth_mvrv,단기보유자 MVRV,1.1469,1.14,,2026-10-03,ok,BGeometrics,https://bitcoin-data.com/v1/sth-mvrv/last,https://charts.bgeometrics.com/,
2026-10-10 09:54 KST,D.온체인,sth_rp,단기보유자 실현가(STH-RP),72094.0,71800.0,$,2026-10-03,ok,BGeometrics,https://bitcoin-data.com/v1/sth-mvrv/last,https://charts.bgeometrics.com/,가격 ÷ STH-MVRV로 계산 (가격 82685.0$). 가격이 위면 강세 유지
2026-10-10 09:54 KST,D.온체인,ex_in_btc,거래소 BTC 유입,28184.9,30978.6,BTC,2026-10-08,ok,Coin Metrics 커뮤니티,https://community-api.coinmetrics.io/v4/timeseries/asset-metrics?assets=btc&metrics=FlowInExNtv&frequency=1d&page_size=130&paging_from=end,https://charts.coinmetrics.io/crypto-data/,
2026-10-10 09:54 KST,D.온체인,ex_out_btc,거래소 BTC 유출,27937.6,28172.3,BTC,2026-10-08,ok,Coin Metrics 커뮤니티,https://community-api.coinmetrics.io/v4/timeseries/asset-metrics?assets=btc&metrics=FlowOutExNtv&frequency=1d&page_size=130&paging_from=end,https://charts.coinmetrics.io/crypto-data/,
2026-10-10 09:54 KST,D.온체인,ex_net_7d,거래소 순유입 7일 합,-24551.4,-29154.4,BTC,2026-10-08,ok,Coin Metrics 커뮤니티,https://community-api.coinmetrics.io/v4/timeseries/asset-metrics?assets=btc&metrics=FlowInExUSD&frequency=1d&page_size=130&paging_from=end,https://charts.coinmetrics.io/crypto-data/,
2026-10-10 09:54 KST,D.온체인,ex_net_7d_pct,거래소 순유입 7일 합 분포 위치,22.2,17.8,백분위,2026-10-08,ok,Coin Metrics 커뮤니티,https://community-api.coinmetrics.io/v4/timeseries/asset-metrics?assets=btc&metrics=FlowInExUSD&frequency=1d&page_size=130&paging_from=end,https://charts.coinmetrics.io/crypto-data/,최근 90일 분포 기준. 높을수록 매도 압력
2026-10-10 09:54 KST,D.온체인,ex_net_btc,거래소 BTC 순유입,247.3,2806.3,BTC,2026-10-08,ok,Coin Metrics 커뮤니티,https://community-api.coinmetrics.io/v4/timeseries/asset-metrics?assets=btc&metrics=FlowInExNtv&frequency=1d&page_size=130&paging_from=end,https://charts.coinmetrics.io/crypto-data/,양수=매도 압력 / 음수=축적
2026-10-10 09:54 KST,D.온체인,ex_supply_30d_pct,거래소 보유량 30일 변화율,-1.44,-1.48,%,2026-10-08,ok,Coin Metrics 커뮤니티,https://community-api.coinmetrics.io/v4/timeseries/asset-metrics?assets=btc&metrics=SplyExNtv&frequency=1d&page_size=130&paging_from=end,https://charts.coinmetrics.io/crypto-data/,
2026-10-10 09:54 KST,D.온체인,ex_supply,거래소 BTC 보유량,2665392.0,2663367.0,BTC,2026-10-08,ok,Coin Metrics 커뮤니티,https://community-api.coinmetrics.io/v4/timeseries/asset-metrics?assets=btc&metrics=SplyExNtv&frequency=1d&page_size=130&paging_from=end,https://charts.coinmetrics.io/crypto-data/,
2026-10-10 09:54 KST,D.온체인,miner_to_ex,채굴자→거래소 유입,,,,,manual,수동 확인,,https://cryptoquant.com/asset/btc/chart/miner-flows,무료 소스 없음 → 수동 확인 목록 참고
2026-10-10 09:54 KST,D.온체인,whale_ratio_proxy,고래비율(근사),,,,,fail,Arkham + Coin Metrics,,https://intel.arkm.com/,Arkham 키 없음
2026-10-10 09:54 KST,Z.점수,score_ind_mvrv_z,점수: MVRV Z,0,,,2026-10-10,ok,점수 계산(coin_daily),,,MVRV Z 1.03
2026-10-10 09:54 KST,Z.점수,score_ind_sth,점수: 가격÷STH-RP,0,,,2026-10-10,ok,점수 계산(coin_daily),,,가격÷STH-RP 1.147
2026-10-10 09:54 KST,Z.점수,score_ind_etf,점수: 현물 ETF 순유입,-1,,,2026-10-10,ok,점수 계산(coin_daily),,,5일 합 -512백만$
2026-10-10 09:54 KST,Z.점수,score_ind_ex_net,점수: 거래소 순유입(7일),1,,,2026-10-10,ok,점수 계산(coin_daily),,,7일 순유입 분포 22백분위
2026-10-10 09:54 KST,Z.점수,score_ind_ex_supply,점수: 거래소 보유량(30일),1,,,2026-10-10,ok,점수 계산(coin_daily),,,30일 -1.44% (±0.5% 미만은 0점)
2026-10-10 09:54 KST,Z.점수,score_ind_whale,점수: 고래비율(근사),,,,2026-10-10,fail,점수 계산(coin_daily),,,값 없음
2026-10-10 09:54 KST,Z.점수,score_ind_usdt_d,점수: 테더 도미넌스(7일),-1,,,2026-10-10,ok,점수 계산(coin_daily),,,7일 +3.3% (±3% 미만은 0점)
2026-10-10 09:54 KST,Z.점수,score_ind_funding,점수: 펀딩비,1,,,2026-10-10,ok,점수 계산(coin_daily),,,3회 평균 0.0017%
2026-10-10 09:54 KST,Z.점수,score_ind_rsi,점수: RSI(14),0,,,2026-10-10,ok,점수 계산(coin_daily),,,RSI 50.2
2026-10-10 09:54 KST,Z.점수,score_ind_ls,점수: 롱/숏 비율,-1,,,2026-10-10,ok,점수 계산(coin_daily),,,롱/숏 분포 73백분위
2026-10-10 09:54 KST,Z.점수,score_ind_oi,점수: 미결제약정(OI),0,,,2026-10-10,ok,점수 계산(coin_daily),,,"OI 7일 +1.0%, 가격 -2.3%"
2026-10-10 09:54 KST,Z.점수,score_ind_skew,점수: 옵션 스큐,0,,,2026-10-10,ok,점수 계산(coin_daily),,,+1.39
2026-10-10 09:54 KST,Z.점수,score_ind_nasdaq,점수: 나스닥,1,,,2026-10-10,ok,점수 계산(coin_daily),,,50일선 위
2026-10-10 09:54 KST,Z.점수,score_ind_dxy,점수: DXY,-1,,,2026-10-10,ok,점수 계산(coin_daily),,,"102.23, 20일 +3.1% (상승)"
2026-10-10 09:54 KST,Z.점수,score_ind_usdjpy,점수: USD/JPY,0,,,2026-10-10,ok,점수 계산(coin_daily),,,158.25
2026-10-10 09:54 KST,Z.점수,score_ind_infl,점수: CPI·PCE,-1,,,2026-10-10,ok,점수 계산(coin_daily),,,둔화−재가속 합계 -2
2026-10-10 09:54 KST,Z.점수,score_ind_fomc,점수: 폴리마켓 금리인하,,,,2026-10-10,fail,점수 계산(coin_daily),,,FOMC 마켓 미설정 또는 값 없음
2026-10-10 09:54 KST,Z.점수,score_group_밸류에이션,그룹 점수: 밸류에이션,0.0,,,2026-10-10,ok,점수 계산(coin_daily),,,
2026-10-10 09:54 KST,Z.점수,score_group_수급,그룹 점수: 수급,0.0,,,2026-10-10,ok,점수 계산(coin_daily),,,
2026-10-10 09:54 KST,Z.점수,score_group_파생·심리,그룹 점수: 파생·심리,0.0,,,2026-10-10,ok,점수 계산(coin_daily),,,
2026-10-10 09:54 KST,Z.점수,score_group_매크로,그룹 점수: 매크로,-12.5,,,2026-10-10,ok,점수 계산(coin_daily),,,
2026-10-10 09:54 KST,Z.점수,score_total,총점,-1.9,,,2026-10-10,ok,점수 계산(coin_daily),,,
2026-10-10 09:54 KST,Z.점수,score_avg3,3일 평균 총점,-1.0,,,2026-10-10,ok,점수 계산(coin_daily),,,
2026-10-10 09:54 KST,Z.점수,score_coverage,판정 가능 비율,88.2,,,2026-10-10,ok,점수 계산(coin_daily),,,
2026-10-10 09:54 KST,Z.점수,judgment_raw,오늘 구간,중립,,,2026-10-10,ok,점수 계산(coin_daily),,,
2026-10-10 09:54 KST,Z.점수,judgment,판정,중립,,,2026-10-10,ok,점수 계산(coin_daily),,,
2026-10-10 09:54 KST,Z.점수,target,BTC 목표 비중(%),60,,,2026-10-10,ok,점수 계산(coin_daily),,,
